letter,year,letter_tokens
a,1505,4991
a,1507,8116
a,1515,52813
a,1520,10309
a,1524,48259
a,1525,623
a,1527,736
a,1541,1058
a,1563,41630
a,1564,11412
a,1568,32662
a,1572,34176
a,1574,10347
a,1575,31989
a,1579,39310
a,1581,126523
a,1582,29961
a,1584,23615
a,1587,52937
a,1588,6059
a,1589,6824
a,1590,122900
a,1592,17277
a,1593,7035
a,1594,2058
a,1595,5074
a,1597,1827
a,1598,15486
a,1600,77808
a,1602,596
a,1603,11131
a,1605,2804
a,1606,11652
a,1607,72858
a,1610,1112
a,1611,8424
a,1612,9040
a,1614,1382
a,1618,3886
a,1619,11433
a,1620,40379
a,1621,12459
a,1623,23106
a,1624,28427
a,1625,13586
a,1626,7071
a,1628,1117
a,1629,56373
a,1630,25143
a,1631,73434
a,1632,8521
a,1634,25973
a,1635,48645
a,1636,6303
a,1637,113578
a,1638,45172
a,1640,10698
a,1641,7848
a,1642,25442
a,1643,32536
a,1644,191066
a,1645,47006
a,1646,11274
a,1647,62259
a,1648,88043
a,1649,52453
a,1650,34726
a,1651,101939
a,1652,32027
a,1653,74674
a,1654,8043
a,1655,55495
a,1656,121157
a,1657,61580
a,1658,166438
a,1659,117469
a,1660,25885
a,1661,25510
a,1662,43731
a,1663,37560
a,1664,55536
a,1665,55221
a,1666,15143
a,1667,151650
a,1668,204202
a,1669,68397
a,1670,131229
a,1671,28587
a,1672,77729
a,1673,174288
a,1674,24391
a,1675,313837
a,1676,343430
a,1677,163061
a,1678,372748
a,1679,214187
a,1680,211262
a,1681,501732
a,1682,680190
a,1683,783199
a,1684,321990
a,1685,448662
a,1686,263131
a,1687,223756
a,1688,501624
a,1689,188308
a,1690,177185
a,1691,62764
a,1692,336391
a,1693,209016
a,1694,409754
a,1695,227372
a,1696,159901
a,1697,189278
a,1698,602018
a,1699,542976
a,1700,734606
a,1701,779709
a,1702,963422
a,1703,800779
a,1704,983682
a,1705,983831
a,1706,1319408
a,1707,1099667
a,1708,1280038
a,1709,640852
a,1710,1362029
a,1711,1299397
a,1712,746775
a,1713,935870
a,1714,1524371
a,1715,1253808
a,1716,985440
a,1717,1386204
a,1718,1018138
a,1719,962947
a,1720,1888826
a,1721,1370470
a,1722,2104962
a,1723,1427446
a,1724,1677802
a,1725,2057915
a,1726,1955394
a,1727,2490787
a,1728,2142043
a,1729,2454280
a,1730,2386184
a,1731,2514391
a,1732,2069424
a,1733,1148226
a,1734,1952072
a,1735,1806892
a,1736,1517701
a,1737,2556578
a,1738,2696747
a,1739,2220738
a,1740,2195284
a,1741,1574703
a,1742,2236024
a,1743,1846654
a,1744,2718461
a,1745,1757996
a,1746,1406775
a,1747,3073595
a,1748,2983651
a,1749,2429392
a,1750,3752288
a,1751,3971947
a,1752,2866776
a,1753,3777261
a,1754,3996302
a,1755,4039073
a,1756,1689561
a,1757,2689692
a,1758,3365970
a,1759,4088447
a,1760,2823122
a,1761,3439930
a,1762,2173198
a,1763,3806238
a,1764,3645663
a,1765,2985706
a,1766,5185367
a,1767,3897360
a,1768,5288190
a,1769,3513508
a,1770,4307239
a,1771,3864055
a,1772,3899574
a,1773,3578482
a,1774,3764514
a,1775,4855571
a,1776,5108219
a,1777,4312273
a,1778,3954326
a,1779,3550181
a,1780,3750206
a,1781,4130940
a,1782,4130191
a,1783,4053912
a,1784,5171113
a,1785,5085867
a,1786,5372767
a,1787,7790708
a,1788,8430902
a,1789,7434778
a,1790,7900051
a,1791,8591260
a,1792,9195926
a,1793,8142428
a,1794,9453789
a,1795,8865279
a,1796,10711999
a,1797,9019326
a,1798,8795553
a,1799,9683601
a,1800,13725275
a,1801,20822801
a,1802,18538492
a,1803,20417658
a,1804,22095728
a,1805,22400225
a,1806,22704001
a,1807,25073446
a,1808,25261007
a,1809,26883676
a,1810,29086771
a,1811,33916749
a,1812,33088358
a,1813,28013206
a,1814,32381080
a,1815,30322347
a,1816,30986814
a,1817,35106621
a,1818,39584526
a,1819,34206953
a,1820,44746093
a,1821,35036998
a,1822,52339982
a,1823,49687023
a,1824,59827856
a,1825,61386183
a,1826,47624875
a,1827,49008902
a,1828,53426926
a,1829,57248499
a,1830,66858087
a,1831,61117813
a,1832,60527785
a,1833,60246041
a,1834,58945504
a,1835,69577957
a,1836,71105646
a,1837,65514346
a,1838,69635361
a,1839,80314117
a,1840,82063104
a,1841,75170331
a,1842,68075864
a,1843,78037317
a,1844,81295484
a,1845,88325889
a,1846,88938095
a,1847,86090415
a,1848,90137273
a,1849,91492860
a,1850,98534834
a,1851,104390359
a,1852,109480356
a,1853,121299350
a,1854,133015581
a,1855,117249101
a,1856,127016864
a,1857,110233303
a,1858,104432549
a,1859,114244531
a,1860,117760528
a,1861,89019433
a,1862,76639645
a,1863,80449412
a,1864,94651347
a,1865,97172402
a,1866,104912689
a,1867,100138739
a,1868,105387927
a,1869,107888409
a,1870,105723922
a,1871,108211670
a,1872,109137968
a,1873,112435532
a,1874,122854707
a,1875,123745508
a,1876,130678755
a,1877,128206564
a,1878,120708724
a,1879,126081118
a,1880,150932531
a,1881,151773075
a,1882,159231856
a,1883,179309441
a,1884,169251676
a,1885,164690193
a,1886,139268625
a,1887,154047991
a,1888,152243483
a,1889,146742745
a,1890,150090200
a,1891,162762418
a,1892,178623447
a,1893,175172365
a,1894,171564719
a,1895,188609007
a,1896,200504393
a,1897,196546670
a,1898,211862442
a,1899,234617240
a,1900,254691048
a,1901,244592795
a,1902,248895355
a,1903,240188099
a,1904,266970555
a,1905,257099889
a,1906,265322695
a,1907,267010451
a,1908,269182316
a,1909,243576868
a,1910,257064871
a,1911,256621628
a,1912,272089127
a,1913,257282090
a,1914,252183062
a,1915,229950459
a,1916,222477967
a,1917,224875207
a,1918,197978001
a,1919,216445243
a,1920,264558155
a,1921,231192577
a,1922,268303461
a,1923,219715601
a,1924,202814699
a,1925,210373772
a,1926,199146827
a,1927,230397067
a,1928,229807426
a,1929,217866903
a,1930,235291357
a,1931,222961374
a,1932,199019105
a,1933,171890024
a,1934,197681638
a,1935,216590848
a,1936,224969221
a,1937,231933247
a,1938,236679326
a,1939,234965237
a,1940,221331324
a,1941,203533253
a,1942,197662117
a,1943,168203398
a,1944,153792012
a,1945,175725050
a,1946,228246842
a,1947,262279478
a,1948,280822650
a,1949,310245371
a,1950,310187480
a,1951,302250386
a,1952,305147884
a,1953,299648720
a,1954,313383785
a,1955,329992263
a,1956,341929914
a,1957,366976489
a,1958,371082854
a,1959,387721107
a,1960,440385442
a,1961,482440507
a,1962,530533449
a,1963,555199354
a,1964,549999115
a,1965,620515219
a,1966,650866423
a,1967,688509682
a,1968,747240855
a,1969,741473516
a,1970,769183201
a,1971,764576992
a,1972,785504190
a,1973,764337323
a,1974,760307551
a,1975,771355390
a,1976,796417296
a,1977,809068211
a,1978,817596369
a,1979,849633166
a,1980,863562614
a,1981,863265745
a,1982,904162675
a,1983,929453625
a,1984,991671997
a,1985,1021312990
a,1986,1079549294
a,1987,1105660600
a,1988,1153129627
a,1989,1219247405
a,1990,1317090524
a,1991,1281119023
a,1992,1414949393
a,1993,1392992801
a,1994,1494086139
a,1995,1542556527
a,1996,1634435337
a,1997,1679663373
a,1998,1761890329
a,1999,1872148259
a,2000,2094313678
a,2001,2129051990
a,2002,2343867177
a,2003,2555491088
a,2004,2763682452
a,2005,2709394276
a,2006,2876311885
a,2007,3048719152
a,2008,3679259384
b,1505,1612
b,1507,2186
b,1515,18575
b,1520,4194
b,1524,15834
b,1525,240
b,1527,578
b,1541,462
b,1563,18229
b,1564,4761
b,1568,10478
b,1572,14577
b,1574,6147
b,1575,14621
b,1579,15670
b,1581,59889
b,1582,12636
b,1584,10220
b,1587,19821
b,1588,4548
b,1589,3062
b,1590,35629
b,1592,7884
b,1593,3370
b,1594,897
b,1595,2703
b,1597,1101
b,1598,6534
b,1600,25848
b,1602,214
b,1603,6318
b,1605,1333
b,1606,6603
b,1607,29396
b,1610,533
b,1611,4408
b,1612,3904
b,1614,764
b,1618,1807
b,1619,4776
b,1620,18518
b,1621,5096
b,1623,9910
b,1624,12532
b,1625,6263
b,1626,2904
b,1628,595
b,1629,25893
b,1630,12571
b,1631,27845
b,1632,3303
b,1634,15071
b,1635,17944
b,1636,2818
b,1637,53528
b,1638,19437
b,1640,4965
b,1641,3952
b,1642,10751
b,1643,13100
b,1644,81848
b,1645,20562
b,1646,4458
b,1647,24869
b,1648,35677
b,1649,19905
b,1650,15739
b,1651,47892
b,1652,15158
b,1653,34539
b,1654,3298
b,1655,24304
b,1656,55330
b,1657,24447
b,1658,60640
b,1659,41683
b,1660,10470
b,1661,11010
b,1662,20854
b,1663,19079
b,1664,26063
b,1665,21249
b,1666,7767
b,1667,65327
b,1668,91957
b,1669,27823
b,1670,60930
b,1671,11346
b,1672,32247
b,1673,78884
b,1674,11557
b,1675,130456
b,1676,147288
b,1677,67374
b,1678,166876
b,1679,88939
b,1680,95819
b,1681,211813
b,1682,337558
b,1683,343193
b,1684,131444
b,1685,189107
b,1686,100745
b,1687,119527
b,1688,199075
b,1689,81674
b,1690,73096
b,1691,26983
b,1692,134143
b,1693,82661
b,1694,170907
b,1695,97654
b,1696,64845
b,1697,76475
b,1698,261529
b,1699,218408
b,1700,303074
b,1701,319857
b,1702,395217
b,1703,350788
b,1704,412402
b,1705,410510
b,1706,539457
b,1707,436709
b,1708,520895
b,1709,274133
b,1710,561182
b,1711,533352
b,1712,297085
b,1713,370800
b,1714,640636
b,1715,525096
b,1716,389935
b,1717,540791
b,1718,425507
b,1719,401168
b,1720,750244
b,1721,532381
b,1722,829599
b,1723,616090
b,1724,679000
b,1725,839734
b,1726,775266
b,1727,1055804
b,1728,886501
b,1729,985109
b,1730,966466
b,1731,1025635
b,1732,808071
b,1733,446648
b,1734,803009
b,1735,703400
b,1736,628781
b,1737,1018932
b,1738,1124821
b,1739,899794
b,1740,868006
b,1741,609850
b,1742,920895
b,1743,730872
b,1744,1135851
b,1745,743836
b,1746,572828
b,1747,1275929
b,1748,1194529
b,1749,977439
b,1750,1559410
b,1751,1599816
b,1752,1128962
b,1753,1467140
b,1754,1593616
b,1755,1546164
b,1756,687979
b,1757,1062503
b,1758,1349431
b,1759,1627087
b,1760,1124934
b,1761,1360318
b,1762,858770
b,1763,1555150
b,1764,1473050
b,1765,1211129
b,1766,2092084
b,1767,1596398
b,1768,2093278
b,1769,1409999
b,1770,1674841
b,1771,1599832
b,1772,1577060
b,1773,1449784
b,1774,1502734
b,1775,1965981
b,1776,2076149
b,1777,1703423
b,1778,1586787
b,1779,1427703
b,1780,1492576
b,1781,1622725
b,1782,1600568
b,1783,1600752
b,1784,2112307
b,1785,2088790
b,1786,2125299
b,1787,3129650
b,1788,3290971
b,1789,2840256
b,1790,3059308
b,1791,3406901
b,1792,3653552
b,1793,3245981
b,1794,3795509
b,1795,3460750
b,1796,4318109
b,1797,3538760
b,1798,3482639
b,1799,3771631
b,1800,5420133
b,1801,8278296
b,1802,7353687
b,1803,8069024
b,1804,8571652
b,1805,8829217
b,1806,9045059
b,1807,10000321
b,1808,9990124
b,1809,10577667
b,1810,11635663
b,1811,13536754
b,1812,13273147
b,1813,11217521
b,1814,12963048
b,1815,12119773
b,1816,12527559
b,1817,14083196
b,1818,15708239
b,1819,13535830
b,1820,17861052
b,1821,13793844
b,1822,21029563
b,1823,19485965
b,1824,23828903
b,1825,24661534
b,1826,18701100
b,1827,19534744
b,1828,21264833
b,1829,22572719
b,1830,26453975
b,1831,24514715
b,1832,24387312
b,1833,24074628
b,1834,23295308
b,1835,27323978
b,1836,28427283
b,1837,26212953
b,1838,27681765
b,1839,32264249
b,1840,32943927
b,1841,30025031
b,1842,27385774
b,1843,31831595
b,1844,32723565
b,1845,35701101
b,1846,35388128
b,1847,34259622
b,1848,36056723
b,1849,36651060
b,1850,38792718
b,1851,41634250
b,1852,43329882
b,1853,48338918
b,1854,52367948
b,1855,46456630
b,1856,50614636
b,1857,43793905
b,1858,41996135
b,1859,45519532
b,1860,46596663
b,1861,35972195
b,1862,30986541
b,1863,32793043
b,1864,38364681
b,1865,39509970
b,1866,42952417
b,1867,40464155
b,1868,42672087
b,1869,43687936
b,1870,42853203
b,1871,43847357
b,1872,44018185
b,1873,45827281
b,1874,50079610
b,1875,49953988
b,1876,52947799
b,1877,51991889
b,1878,49481003
b,1879,51467606
b,1880,61393483
b,1881,61847384
b,1882,64860427
b,1883,72781436
b,1884,68887752
b,1885,67048896
b,1886,56362115
b,1887,62462499
b,1888,62214293
b,1889,59713820
b,1890,61325512
b,1891,66306159
b,1892,72471316
b,1893,71201567
b,1894,70193509
b,1895,76971515
b,1896,81837326
b,1897,80371972
b,1898,86642056
b,1899,95461762
b,1900,104260294
b,1901,100264736
b,1902,101940163
b,1903,99035262
b,1904,108775390
b,1905,105290205
b,1906,108371698
b,1907,109537384
b,1908,110354577
b,1909,99210016
b,1910,105394872
b,1911,104644940
b,1912,110419832
b,1913,105514376
b,1914,103332098
b,1915,94793778
b,1916,91525972
b,1917,92353738
b,1918,81501305
b,1919,88845385
b,1920,108283705
b,1921,94416474
b,1922,109285035
b,1923,89650867
b,1924,82645825
b,1925,85465724
b,1926,81057958
b,1927,93110421
b,1928,93436637
b,1929,88444172
b,1930,95553771
b,1931,90670475
b,1932,80747155
b,1933,69882961
b,1934,80572982
b,1935,87862451
b,1936,91705307
b,1937,94074536
b,1938,96043905
b,1939,95113260
b,1940,89776449
b,1941,82660577
b,1942,79675042
b,1943,68279791
b,1944,62456345
b,1945,71378244
b,1946,92401181
b,1947,105616879
b,1948,112904738
b,1949,123845653
b,1950,123632196
b,1951,120653676
b,1952,122002768
b,1953,118963775
b,1954,124746947
b,1955,130879734
b,1956,135538483
b,1957,145628960
b,1958,145971426
b,1959,152433900
b,1960,173025424
b,1961,188353996
b,1962,207634938
b,1963,216795359
b,1964,213402099
b,1965,240903541
b,1966,252490182
b,1967,266236703
b,1968,290522732
b,1969,287215739
b,1970,297350087
b,1971,293890019
b,1972,302168791
b,1973,293881673
b,1974,292072773
b,1975,295838293
b,1976,305454735
b,1977,309517656
b,1978,313508791
b,1979,323181113
b,1980,329432273
b,1981,329401399
b,1982,343994889
b,1983,354485697
b,1984,377979595
b,1985,388245892
b,1986,409556241
b,1987,420594088
b,1988,437275751
b,1989,462619111
b,1990,498132569
b,1991,484790415
b,1992,531946613
b,1993,524609735
b,1994,560673408
b,1995,576809472
b,1996,610624106
b,1997,625899206
b,1998,655444948
b,1999,696979958
b,2000,781633750
b,2001,791014518
b,2002,870890166
b,2003,950558119
b,2004,1030865876
b,2005,1007860583
b,2006,1069904995
b,2007,1140058348
b,2008,1412012383
c,1505,2080
c,1507,3783
c,1515,29764
c,1520,4208
c,1524,25671
c,1525,327
c,1527,356
c,1541,586
c,1563,16270
c,1564,6038
c,1568,12093
c,1572,12937
c,1574,4727
c,1575,17536
c,1579,14895
c,1581,52824
c,1582,11683
c,1584,12229
c,1587,14895
c,1588,4462
c,1589,2469
c,1590,46822
c,1592,7052
c,1593,2573
c,1594,872
c,1595,2081
c,1597,489
c,1598,5736
c,1600,31694
c,1602,201
c,1603,4180
c,1605,1110
c,1606,4822
c,1607,34759
c,1610,426
c,1611,3390
c,1612,3513
c,1614,639
c,1618,1202
c,1619,4020
c,1620,16760
c,1621,4311
c,1623,7627
c,1624,10676
c,1625,4241
c,1626,3190
c,1628,602
c,1629,22348
c,1630,9832
c,1631,34950
c,1632,3175
c,1634,10608
c,1635,18374
c,1636,2791
c,1637,53193
c,1638,15449
c,1640,3786
c,1641,4235
c,1642,9148
c,1643,12888
c,1644,88748
c,1645,17497
c,1646,4389
c,1647,22635
c,1648,33900
c,1649,20316
c,1650,12980
c,1651,39704
c,1652,12477
c,1653,23852
c,1654,2779
c,1655,18384
c,1656,42252
c,1657,22976
c,1658,61660
c,1659,47946
c,1660,9783
c,1661,9161
c,1662,18317
c,1663,16042
c,1664,21905
c,1665,19474
c,1666,4445
c,1667,48889
c,1668,83925
c,1669,25616
c,1670,53045
c,1671,9110
c,1672,35623
c,1673,68716
c,1674,8651
c,1675,114076
c,1676,133569
c,1677,54264
c,1678,148839
c,1679,83586
c,1680,81297
c,1681,188456
c,1682,273642
c,1683,311085
c,1684,119190
c,1685,157043
c,1686,93247
c,1687,96030
c,1688,189397
c,1689,68233
c,1690,60878
c,1691,21911
c,1692,131544
c,1693,70003
c,1694,145086
c,1695,79612
c,1696,54372
c,1697,67243
c,1698,221341
c,1699,197075
c,1700,265995
c,1701,279309
c,1702,346821
c,1703,284774
c,1704,341658
c,1705,353947
c,1706,481076
c,1707,361716
c,1708,448504
c,1709,226680
c,1710,494190
c,1711,465106
c,1712,257197
c,1713,326328
c,1714,539788
c,1715,439973
c,1716,353279
c,1717,468816
c,1718,361474
c,1719,352370
c,1720,647534
c,1721,494890
c,1722,720669
c,1723,536708
c,1724,600417
c,1725,732010
c,1726,739044
c,1727,912129
c,1728,794330
c,1729,855300
c,1730,877462
c,1731,916737
c,1732,714839
c,1733,385466
c,1734,687372
c,1735,658793
c,1736,585437
c,1737,975640
c,1738,950675
c,1739,826860
c,1740,798965
c,1741,573202
c,1742,784042
c,1743,642901
c,1744,936244
c,1745,620341
c,1746,501678
c,1747,1130702
c,1748,1076221
c,1749,883817
c,1750,1373925
c,1751,1400963
c,1752,1015606
c,1753,1328232
c,1754,1422620
c,1755,1452851
c,1756,630992
c,1757,995410
c,1758,1232770
c,1759,1562209
c,1760,1049740
c,1761,1261724
c,1762,826800
c,1763,1450316
c,1764,1336274
c,1765,1111949
c,1766,1977025
c,1767,1423937
c,1768,2004292
c,1769,1347852
c,1770,1576498
c,1771,1475991
c,1772,1436230
c,1773,1374070
c,1774,1394262
c,1775,1820913
c,1776,1951190
c,1777,1686064
c,1778,1541298
c,1779,1355480
c,1780,1408284
c,1781,1568512
c,1782,1602262
c,1783,1583911
c,1784,1956100
c,1785,1904966
c,1786,2062936
c,1787,3106957
c,1788,3223096
c,1789,2847241
c,1790,2995611
c,1791,3212713
c,1792,3504199
c,1793,3131151
c,1794,3568071
c,1795,3525476
c,1796,4137869
c,1797,3512142
c,1798,3384543
c,1799,3705239
c,1800,5233370
c,1801,7916979
c,1802,7257493
c,1803,7702161
c,1804,8673596
c,1805,8737219
c,1806,8768092
c,1807,9730085
c,1808,9494407
c,1809,10150619
c,1810,11364981
c,1811,13263887
c,1812,12646569
c,1813,10773648
c,1814,12607501
c,1815,11521420
c,1816,12030068
c,1817,13809018
c,1818,15639258
c,1819,13336605
c,1820,17350047
c,1821,13683391
c,1822,20437073
c,1823,19017602
c,1824,22887701
c,1825,23677597
c,1826,18481085
c,1827,19428099
c,1828,20689716
c,1829,22464207
c,1830,25676353
c,1831,23965241
c,1832,23713035
c,1833,23604322
c,1834,23122277
c,1835,27172334
c,1836,28223673
c,1837,25748750
c,1838,27610548
c,1839,31532703
c,1840,32917259
c,1841,29638113
c,1842,26782253
c,1843,30946831
c,1844,32338150
c,1845,35188237
c,1846,35691500
c,1847,34291937
c,1848,36120015
c,1849,37078933
c,1850,38626211
c,1851,41744680
c,1852,42942803
c,1853,48219000
c,1854,52478379
c,1855,46985744
c,1856,50191735
c,1857,43651533
c,1858,41917389
c,1859,45386724
c,1860,46646299
c,1861,35662043
c,1862,30473317
c,1863,32073593
c,1864,37854456
c,1865,38937338
c,1866,42585012
c,1867,40202675
c,1868,42494695
c,1869,43121342
c,1870,42499132
c,1871,42562157
c,1872,43905404
c,1873,45391982
c,1874,49237072
c,1875,50084920
c,1876,52793135
c,1877,52544335
c,1878,49333624
c,1879,51213852
c,1880,61388625
c,1881,62074747
c,1882,64725164
c,1883,72105275
c,1884,69725652
c,1885,67108118
c,1886,57883780
c,1887,63185926
c,1888,63163611
c,1889,60523247
c,1890,62264824
c,1891,67245955
c,1892,73564690
c,1893,72360638
c,1894,71418232
c,1895,78979363
c,1896,83189467
c,1897,81492845
c,1898,88705338
c,1899,96279748
c,1900,105701060
c,1901,102317262
c,1902,104948565
c,1903,101108335
c,1904,112671858
c,1905,109726510
c,1906,112472205
c,1907,114965573
c,1908,115691334
c,1909,105489138
c,1910,110995901
c,1911,111435641
c,1912,119311026
c,1913,112838028
c,1914,110475637
c,1915,101660251
c,1916,98786660
c,1917,98639026
c,1918,86116130
c,1919,94640243
c,1920,116140836
c,1921,102464866
c,1922,119751473
c,1923,95073055
c,1924,89035410
c,1925,92330236
c,1926,88035345
c,1927,101270706
c,1928,101655153
c,1929,95543762
c,1930,103816799
c,1931,98752898
c,1932,89107183
c,1933,77237898
c,1934,88052905
c,1935,97109393
c,1936,101198914
c,1937,104572621
c,1938,107477293
c,1939,107258399
c,1940,101798654
c,1941,93464005
c,1942,90061756
c,1943,75978559
c,1944,68880417
c,1945,78820559
c,1946,101586686
c,1947,118572618
c,1948,128236166
c,1949,141947873
c,1950,142270336
c,1951,138516654
c,1952,139750871
c,1953,136579724
c,1954,143524530
c,1955,150780152
c,1956,156328783
c,1957,168051042
c,1958,170651017
c,1959,179571507
c,1960,203313309
c,1961,223122256
c,1962,244379310
c,1963,257311067
c,1964,255080707
c,1965,287203744
c,1966,302738406
c,1967,320139591
c,1968,345088376
c,1969,342247075
c,1970,353478528
c,1971,355788393
c,1972,365154863
c,1973,356590271
c,1974,356517802
c,1975,362534467
c,1976,375187281
c,1977,381133154
c,1978,385449417
c,1979,402666961
c,1980,408152189
c,1981,410775018
c,1982,429176440
c,1983,441360009
c,1984,472656617
c,1985,486300072
c,1986,515533879
c,1987,526518394
c,1988,549252600
c,1989,582452366
c,1990,629714568
c,1991,610824857
c,1992,678178165
c,1993,668917370
c,1994,718687229
c,1995,742424717
c,1996,782280667
c,1997,807582111
c,1998,847914176
c,1999,900642683
c,2000,1001532509
c,2001,1018705366
c,2002,1121938729
c,2003,1209571582
c,2004,1289989589
c,2005,1269732965
c,2006,1341834129
c,2007,1402662514
c,2008,1613683736
d,1505,2477
d,1507,2588
d,1515,13271
d,1520,2241
d,1524,20668
d,1525,176
d,1527,158
d,1541,202
d,1563,10676
d,1564,5584
d,1568,6092
d,1572,8409
d,1574,2788
d,1575,7785
d,1579,9700
d,1581,37216
d,1582,7952
d,1584,9068
d,1587,16612
d,1588,2854
d,1589,1667
d,1590,27592
d,1592,4948
d,1593,1905
d,1594,498
d,1595,1912
d,1597,461
d,1598,4475
d,1600,25787
d,1602,184
d,1603,3610
d,1605,613
d,1606,3107
d,1607,16901
d,1610,288
d,1611,1684
d,1612,2699
d,1614,380
d,1618,1100
d,1619,2904
d,1620,11148
d,1621,3554
d,1623,5599
d,1624,6541
d,1625,2853
d,1626,1827
d,1628,276
d,1629,13667
d,1630,6500
d,1631,28710
d,1632,1793
d,1634,5671
d,1635,11544
d,1636,1115
d,1637,31339
d,1638,10977
d,1640,3165
d,1641,1682
d,1642,5070
d,1643,7416
d,1644,45523
d,1645,11107
d,1646,2221
d,1647,13482
d,1648,22385
d,1649,12229
d,1650,8381
d,1651,21828
d,1652,7336
d,1653,16122
d,1654,1599
d,1655,13022
d,1656,30858
d,1657,15919
d,1658,51016
d,1659,24189
d,1660,5799
d,1661,5916
d,1662,12394
d,1663,8418
d,1664,14189
d,1665,11751
d,1666,3327
d,1667,34863
d,1668,52909
d,1669,15381
d,1670,42653
d,1671,7934
d,1672,19567
d,1673,44844
d,1674,5262
d,1675,75037
d,1676,87865
d,1677,36299
d,1678,102371
d,1679,56081
d,1680,48464
d,1681,124077
d,1682,184837
d,1683,203930
d,1684,91717
d,1685,109648
d,1686,55412
d,1687,69819
d,1688,120498
d,1689,45147
d,1690,42408
d,1691,14837
d,1692,88223
d,1693,46002
d,1694,96173
d,1695,49593
d,1696,38404
d,1697,46972
d,1698,141082
d,1699,126200
d,1700,172784
d,1701,180097
d,1702,235389
d,1703,193619
d,1704,239413
d,1705,224700
d,1706,320069
d,1707,256681
d,1708,303639
d,1709,155479
d,1710,329215
d,1711,314794
d,1712,178317
d,1713,219820
d,1714,368260
d,1715,317215
d,1716,255532
d,1717,329771
d,1718,245180
d,1719,222202
d,1720,447133
d,1721,316018
d,1722,472841
d,1723,367003
d,1724,404972
d,1725,502516
d,1726,492261
d,1727,582934
d,1728,541307
d,1729,580058
d,1730,586044
d,1731,600705
d,1732,496518
d,1733,257499
d,1734,471161
d,1735,456347
d,1736,369036
d,1737,647130
d,1738,636971
d,1739,527161
d,1740,552819
d,1741,370660
d,1742,550045
d,1743,435091
d,1744,635760
d,1745,407848
d,1746,338214
d,1747,731798
d,1748,703377
d,1749,558935
d,1750,903798
d,1751,905536
d,1752,651091
d,1753,873916
d,1754,950039
d,1755,949308
d,1756,394406
d,1757,654610
d,1758,789442
d,1759,1001106
d,1760,700048
d,1761,862374
d,1762,529007
d,1763,941139
d,1764,865507
d,1765,705215
d,1766,1279639
d,1767,924825
d,1768,1294468
d,1769,868032
d,1770,1016245
d,1771,910525
d,1772,941039
d,1773,904235
d,1774,896193
d,1775,1172527
d,1776,1213584
d,1777,1105593
d,1778,959916
d,1779,868680
d,1780,898616
d,1781,1034927
d,1782,1038788
d,1783,1002917
d,1784,1264269
d,1785,1231131
d,1786,1322274
d,1787,1954388
d,1788,2054395
d,1789,1763351
d,1790,1886832
d,1791,2117629
d,1792,2244988
d,1793,1940429
d,1794,2248232
d,1795,2216230
d,1796,2651493
d,1797,2272796
d,1798,2232066
d,1799,2438456
d,1800,3354622
d,1801,4974183
d,1802,4502536
d,1803,4928876
d,1804,5422185
d,1805,5591602
d,1806,5649506
d,1807,6186486
d,1808,6170133
d,1809,6429426
d,1810,7207645
d,1811,8389642
d,1812,8062717
d,1813,6839694
d,1814,7977755
d,1815,7363355
d,1816,7736632
d,1817,8859760
d,1818,9732894
d,1819,8161299
d,1820,11170677
d,1821,8684636
d,1822,12919624
d,1823,12020864
d,1824,14736476
d,1825,15383728
d,1826,11840942
d,1827,12300371
d,1828,13182187
d,1829,14153015
d,1830,16541635
d,1831,15036641
d,1832,14982664
d,1833,14821912
d,1834,14479419
d,1835,16883997
d,1836,17568588
d,1837,15980480
d,1838,17144046
d,1839,20030773
d,1840,20427604
d,1841,18668630
d,1842,16664725
d,1843,19121301
d,1844,20107177
d,1845,22234673
d,1846,22026327
d,1847,21482701
d,1848,22649214
d,1849,22789503
d,1850,24123855
d,1851,25861658
d,1852,26782743
d,1853,29968517
d,1854,32664193
d,1855,29179364
d,1856,31197352
d,1857,27513845
d,1858,26236608
d,1859,28348381
d,1860,29418458
d,1861,22557042
d,1862,19111771
d,1863,20163080
d,1864,24326780
d,1865,24207860
d,1866,26544252
d,1867,25173748
d,1868,26310340
d,1869,26579759
d,1870,26333665
d,1871,27088791
d,1872,27144825
d,1873,28265738
d,1874,30643167
d,1875,31022954
d,1876,32510600
d,1877,32035174
d,1878,29908500
d,1879,31653561
d,1880,37711662
d,1881,37836722
d,1882,39776614
d,1883,44880025
d,1884,42457936
d,1885,41490939
d,1886,35350675
d,1887,38616168
d,1888,38319724
d,1889,36600697
d,1890,37714331
d,1891,40832240
d,1892,44981147
d,1893,44423797
d,1894,43592986
d,1895,47972573
d,1896,51402975
d,1897,49902439
d,1898,53928424
d,1899,60644251
d,1900,66127053
d,1901,62878691
d,1902,63613711
d,1903,61412140
d,1904,68223275
d,1905,65361380
d,1906,68135401
d,1907,69020979
d,1908,69138272
d,1909,62781485
d,1910,66570322
d,1911,66457384
d,1912,69881126
d,1913,66475820
d,1914,65008558
d,1915,59413873
d,1916,57911340
d,1917,58712177
d,1918,50902964
d,1919,56560115
d,1920,68724760
d,1921,59920075
d,1922,70035977
d,1923,57000481
d,1924,52651410
d,1925,54770868
d,1926,52191865
d,1927,60054056
d,1928,60215638
d,1929,57436677
d,1930,61422951
d,1931,58951233
d,1932,53011106
d,1933,45877268
d,1934,52798417
d,1935,58170304
d,1936,60365738
d,1937,61512756
d,1938,63755347
d,1939,62729205
d,1940,59713727
d,1941,54778244
d,1942,52646122
d,1943,44756957
d,1944,40520769
d,1945,46400826
d,1946,60484272
d,1947,69764147
d,1948,74617555
d,1949,83134410
d,1950,82708666
d,1951,81100814
d,1952,82368980
d,1953,80975651
d,1954,84798042
d,1955,89448431
d,1956,92969901
d,1957,100192154
d,1958,102099935
d,1959,106082369
d,1960,120858549
d,1961,132460571
d,1962,144723058
d,1963,152328770
d,1964,151107427
d,1965,170528706
d,1966,179726361
d,1967,189389956
d,1968,205659162
d,1969,207362625
d,1970,213363965
d,1971,212579268
d,1972,219567488
d,1973,214360284
d,1974,214268991
d,1975,217934879
d,1976,226101978
d,1977,230572246
d,1978,233643053
d,1979,243475269
d,1980,247813246
d,1981,249474802
d,1982,261570649
d,1983,269641244
d,1984,288763479
d,1985,297977245
d,1986,316110771
d,1987,322683690
d,1988,338209352
d,1989,358385640
d,1990,387413399
d,1991,377171194
d,1992,416759966
d,1993,411379343
d,1994,439868906
d,1995,453157360
d,1996,477464670
d,1997,491419532
d,1998,516372034
d,1999,547044873
d,2000,611877631
d,2001,620965413
d,2002,686557924
d,2003,746894674
d,2004,799598972
d,2005,787072587
d,2006,829376072
d,2007,870770382
d,2008,1021709771
e,1505,2354
e,1507,2851
e,1515,17621
e,1520,2207
e,1524,15171
e,1525,169
e,1527,156
e,1541,346
e,1563,8417
e,1564,3310
e,1568,4488
e,1572,7807
e,1574,3253
e,1575,7293
e,1579,7880
e,1581,29706
e,1582,6284
e,1584,7720
e,1587,8152
e,1588,1507
e,1589,1468
e,1590,24882
e,1592,3243
e,1593,1250
e,1594,332
e,1595,1399
e,1597,231
e,1598,3002
e,1600,18692
e,1602,113
e,1603,1747
e,1605,452
e,1606,1720
e,1607,17795
e,1610,292
e,1611,1629
e,1612,3178
e,1614,345
e,1618,680
e,1619,2118
e,1620,7570
e,1621,1535
e,1623,3210
e,1624,5979
e,1625,2408
e,1626,1104
e,1628,396
e,1629,9707
e,1630,5262
e,1631,26655
e,1632,1441
e,1634,5602
e,1635,10521
e,1636,1035
e,1637,26294
e,1638,8714
e,1640,1830
e,1641,1714
e,1642,4677
e,1643,7110
e,1644,37516
e,1645,9602
e,1646,1890
e,1647,12311
e,1648,21925
e,1649,11189
e,1650,6995
e,1651,18203
e,1652,5214
e,1653,12573
e,1654,1684
e,1655,12103
e,1656,22120
e,1657,12335
e,1658,42285
e,1659,24952
e,1660,5199
e,1661,4898
e,1662,11267
e,1663,10315
e,1664,11501
e,1665,9781
e,1666,3544
e,1667,28436
e,1668,39839
e,1669,13376
e,1670,27492
e,1671,5122
e,1672,15480
e,1673,35230
e,1674,3703
e,1675,65984
e,1676,68438
e,1677,34690
e,1678,65892
e,1679,47608
e,1680,40673
e,1681,95567
e,1682,133093
e,1683,145642
e,1684,62446
e,1685,89124
e,1686,45055
e,1687,41867
e,1688,98338
e,1689,38744
e,1690,35402
e,1691,11947
e,1692,54469
e,1693,40046
e,1694,69826
e,1695,40690
e,1696,30218
e,1697,39415
e,1698,117751
e,1699,100020
e,1700,144338
e,1701,160006
e,1702,193856
e,1703,154523
e,1704,186986
e,1705,188713
e,1706,257582
e,1707,207478
e,1708,249068
e,1709,118706
e,1710,253311
e,1711,263848
e,1712,148492
e,1713,176253
e,1714,293170
e,1715,254493
e,1716,207614
e,1717,260783
e,1718,201522
e,1719,182736
e,1720,353041
e,1721,254300
e,1722,377623
e,1723,287699
e,1724,335598
e,1725,413664
e,1726,409725
e,1727,509041
e,1728,472898
e,1729,491738
e,1730,461398
e,1731,523341
e,1732,421750
e,1733,232389
e,1734,427639
e,1735,363391
e,1736,326395
e,1737,609232
e,1738,551223
e,1739,461976
e,1740,459965
e,1741,326255
e,1742,476416
e,1743,375682
e,1744,556412
e,1745,360576
e,1746,287730
e,1747,663048
e,1748,661085
e,1749,498254
e,1750,807587
e,1751,819527
e,1752,627249
e,1753,775004
e,1754,841814
e,1755,822517
e,1756,374848
e,1757,581674
e,1758,740099
e,1759,917025
e,1760,600047
e,1761,774002
e,1762,484872
e,1763,862129
e,1764,818378
e,1765,661594
e,1766,1113844
e,1767,887594
e,1768,1156288
e,1769,842730
e,1770,930345
e,1771,852924
e,1772,845522
e,1773,867345
e,1774,851927
e,1775,1119757
e,1776,1207973
e,1777,1043261
e,1778,924515
e,1779,859425
e,1780,813431
e,1781,979505
e,1782,988675
e,1783,955395
e,1784,1146675
e,1785,1206901
e,1786,1287235
e,1787,1910234
e,1788,2002080
e,1789,1847574
e,1790,1768494
e,1791,1948687
e,1792,2160589
e,1793,1931132
e,1794,2176546
e,1795,2139079
e,1796,2476282
e,1797,2105977
e,1798,2056664
e,1799,2268991
e,1800,3194794
e,1801,4763748
e,1802,4364001
e,1803,4751690
e,1804,5287682
e,1805,5363860
e,1806,5392776
e,1807,5809779
e,1808,5611592
e,1809,6124542
e,1810,6690952
e,1811,7810653
e,1812,7632948
e,1813,6381139
e,1814,7514617
e,1815,6966708
e,1816,7247814
e,1817,8207245
e,1818,9424673
e,1819,7833268
e,1820,10226212
e,1821,8028083
e,1822,11939692
e,1823,11298222
e,1824,13573261
e,1825,14266506
e,1826,11046653
e,1827,11671987
e,1828,12314783
e,1829,13302217
e,1830,14948543
e,1831,14111456
e,1832,14046192
e,1833,13969829
e,1834,13700438
e,1835,16031393
e,1836,16811916
e,1837,15225368
e,1838,16082248
e,1839,18462557
e,1840,19069231
e,1841,17369799
e,1842,15416637
e,1843,18214323
e,1844,18603528
e,1845,20489964
e,1846,20647346
e,1847,19909197
e,1848,20831639
e,1849,21338215
e,1850,22681854
e,1851,23920124
e,1852,25042221
e,1853,27831447
e,1854,30805664
e,1855,27215233
e,1856,28747834
e,1857,25213404
e,1858,24119830
e,1859,25953653
e,1860,26732967
e,1861,20307237
e,1862,17356201
e,1863,18357311
e,1864,21485545
e,1865,21651800
e,1866,23773503
e,1867,22610282
e,1868,23663518
e,1869,23957991
e,1870,23899615
e,1871,23898638
e,1872,24650677
e,1873,25646874
e,1874,27567976
e,1875,28077257
e,1876,29392480
e,1877,29072096
e,1878,27314455
e,1879,28541780
e,1880,33830666
e,1881,34112764
e,1882,35833767
e,1883,39929865
e,1884,38299619
e,1885,36544039
e,1886,31534279
e,1887,34315772
e,1888,34113164
e,1889,33067624
e,1890,34052773
e,1891,36453905
e,1892,40419274
e,1893,39160249
e,1894,38470682
e,1895,41797646
e,1896,44773459
e,1897,43536830
e,1898,46923725
e,1899,51660253
e,1900,56279476
e,1901,54217675
e,1902,55679829
e,1903,53277765
e,1904,59490116
e,1905,57531836
e,1906,58820147
e,1907,60016942
e,1908,60062760
e,1909,54562782
e,1910,57645966
e,1911,57200854
e,1912,61280521
e,1913,57847452
e,1914,56903553
e,1915,52698860
e,1916,50603551
e,1917,50882501
e,1918,45181810
e,1919,49148696
e,1920,60445404
e,1921,53032377
e,1922,61269370
e,1923,49596184
e,1924,46237095
e,1925,47780972
e,1926,45813816
e,1927,53029199
e,1928,53007294
e,1929,49941457
e,1930,54090683
e,1931,51750086
e,1932,46349388
e,1933,40365824
e,1934,46735400
e,1935,51051478
e,1936,53008792
e,1937,54159492
e,1938,55959759
e,1939,55744194
e,1940,52576406
e,1941,48576937
e,1942,46372851
e,1943,39197902
e,1944,35674176
e,1945,41187833
e,1946,52995684
e,1947,61530352
e,1948,66296803
e,1949,74539072
e,1950,74496709
e,1951,71989047
e,1952,73088494
e,1953,71970822
e,1954,75079747
e,1955,79754291
e,1956,82518087
e,1957,89208064
e,1958,90816794
e,1959,95530565
e,1960,108122304
e,1961,119468208
e,1962,131731687
e,1963,138454399
e,1964,138439265
e,1965,155679206
e,1966,163701233
e,1967,171818997
e,1968,186158308
e,1969,186004489
e,1970,192517038
e,1971,193653608
e,1972,198649296
e,1973,193804469
e,1974,193808306
e,1975,198036525
e,1976,204063774
e,1977,207684079
e,1978,208866793
e,1979,217995121
e,1980,222614375
e,1981,223387531
e,1982,233903395
e,1983,240383296
e,1984,256136991
e,1985,263519177
e,1986,278796694
e,1987,283751163
e,1988,296572429
e,1989,314089747
e,1990,339023266
e,1991,329954554
e,1992,366855311
e,1993,360300847
e,1994,386135062
e,1995,398738320
e,1996,420251643
e,1997,431836890
e,1998,453257116
e,1999,479475444
e,2000,535216428
e,2001,542397194
e,2002,595858364
e,2003,643665803
e,2004,687879783
e,2005,679283987
e,2006,721202145
e,2007,752703412
e,2008,865600748
h,1505,1779
h,1507,2270
h,1515,9917
h,1520,4256
h,1524,15582
h,1525,326
h,1527,518
h,1541,455
h,1563,26948
h,1564,5331
h,1568,15021
h,1572,13508
h,1574,3316
h,1575,11213
h,1579,19509
h,1581,64167
h,1582,12087
h,1584,11402
h,1587,24980
h,1588,5123
h,1589,2462
h,1590,40430
h,1592,11317
h,1593,5534
h,1594,1336
h,1595,3243
h,1597,1533
h,1598,9303
h,1600,11914
h,1602,386
h,1603,10728
h,1605,1088
h,1606,7677
h,1607,26358
h,1610,499
h,1611,3583
h,1612,3859
h,1614,846
h,1618,2086
h,1619,5594
h,1620,19956
h,1621,7878
h,1623,11449
h,1624,14573
h,1625,4643
h,1626,6482
h,1628,492
h,1629,17796
h,1630,19134
h,1631,26770
h,1632,4394
h,1634,12615
h,1635,30315
h,1636,2905
h,1637,63949
h,1638,23577
h,1640,5371
h,1641,3325
h,1642,10729
h,1643,12959
h,1644,77024
h,1645,20564
h,1646,4981
h,1647,30578
h,1648,51175
h,1649,25993
h,1650,13453
h,1651,36988
h,1652,12734
h,1653,37596
h,1654,2333
h,1655,30091
h,1656,67083
h,1657,29114
h,1658,58238
h,1659,33752
h,1660,10316
h,1661,12595
h,1662,20740
h,1663,15033
h,1664,17921
h,1665,23164
h,1666,4501
h,1667,70895
h,1668,107809
h,1669,29414
h,1670,93268
h,1671,10918
h,1672,26079
h,1673,75726
h,1674,8939
h,1675,174714
h,1676,149042
h,1677,61883
h,1678,177886
h,1679,92308
h,1680,82476
h,1681,224092
h,1682,313298
h,1683,382179
h,1684,152006
h,1685,239374
h,1686,114237
h,1687,107470
h,1688,237564
h,1689,75839
h,1690,65676
h,1691,29311
h,1692,140535
h,1693,93452
h,1694,157108
h,1695,119134
h,1696,72092
h,1697,77350
h,1698,274816
h,1699,248570
h,1700,290740
h,1701,302342
h,1702,454560
h,1703,359923
h,1704,419850
h,1705,373630
h,1706,589243
h,1707,446802
h,1708,557309
h,1709,306114
h,1710,601279
h,1711,639068
h,1712,338959
h,1713,371505
h,1714,657625
h,1715,548304
h,1716,429955
h,1717,598056
h,1718,409411
h,1719,408080
h,1720,776524
h,1721,554222
h,1722,832309
h,1723,685756
h,1724,792746
h,1725,896377
h,1726,811948
h,1727,1119899
h,1728,1010188
h,1729,1055145
h,1730,1117507
h,1731,1079563
h,1732,803682
h,1733,518300
h,1734,795877
h,1735,733087
h,1736,680829
h,1737,1037556
h,1738,1092044
h,1739,956037
h,1740,999889
h,1741,699482
h,1742,922645
h,1743,828855
h,1744,1155313
h,1745,661469
h,1746,617813
h,1747,1361353
h,1748,1212163
h,1749,1012321
h,1750,1689695
h,1751,1609430
h,1752,1232161
h,1753,1704598
h,1754,1935901
h,1755,1800647
h,1756,686835
h,1757,1093502
h,1758,1515505
h,1759,1852887
h,1760,1309043
h,1761,1679360
h,1762,935887
h,1763,1758713
h,1764,1626901
h,1765,1286627
h,1766,2245606
h,1767,1677536
h,1768,2423180
h,1769,1601836
h,1770,1912350
h,1771,1607251
h,1772,1642507
h,1773,1603067
h,1774,1524583
h,1775,2115407
h,1776,1996369
h,1777,1886205
h,1778,1726077
h,1779,1570113
h,1780,1646469
h,1781,1911350
h,1782,1885488
h,1783,1688967
h,1784,2202309
h,1785,2095615
h,1786,2272497
h,1787,3470900
h,1788,3485432
h,1789,3437409
h,1790,3401469
h,1791,3858344
h,1792,3999702
h,1793,3274915
h,1794,3880943
h,1795,3827633
h,1796,4790362
h,1797,4014789
h,1798,4211297
h,1799,4546862
h,1800,5923269
h,1801,8950898
h,1802,7879844
h,1803,8558702
h,1804,9814632
h,1805,9649881
h,1806,10415974
h,1807,10752329
h,1808,11661809
h,1809,11549239
h,1810,13078836
h,1811,15067184
h,1812,14860421
h,1813,12410831
h,1814,14443329
h,1815,13333326
h,1816,14346351
h,1817,15414901
h,1818,16612578
h,1819,14010922
h,1820,20712431
h,1821,16001516
h,1822,22920224
h,1823,22385795
h,1824,27367260
h,1825,28641269
h,1826,20946946
h,1827,22024291
h,1828,23491219
h,1829,24415149
h,1830,29385107
h,1831,25925286
h,1832,26554507
h,1833,26764990
h,1834,25296074
h,1835,30213862
h,1836,30679348
h,1837,28221130
h,1838,29928039
h,1839,35509219
h,1840,35788142
h,1841,32414956
h,1842,28944215
h,1843,32924194
h,1844,35740969
h,1845,38466481
h,1846,39068582
h,1847,37914818
h,1848,39115617
h,1849,39831636
h,1850,42520135
h,1851,45105143
h,1852,46726572
h,1853,53706660
h,1854,57532756
h,1855,50887892
h,1856,55832403
h,1857,48486848
h,1858,45717855
h,1859,49495093
h,1860,52111224
h,1861,39781223
h,1862,32828460
h,1863,35166581
h,1864,42010813
h,1865,42697432
h,1866,46114973
h,1867,43808058
h,1868,45742518
h,1869,46937533
h,1870,45640512
h,1871,47570774
h,1872,47072533
h,1873,47763110
h,1874,52922099
h,1875,54384614
h,1876,55769714
h,1877,54502416
h,1878,51311811
h,1879,54080585
h,1880,65843269
h,1881,65272996
h,1882,69176233
h,1883,78567211
h,1884,71501597
h,1885,70362839
h,1886,58228774
h,1887,66954122
h,1888,64904307
h,1889,61010356
h,1890,64057141
h,1891,69130952
h,1892,76394562
h,1893,74735694
h,1894,73115873
h,1895,79487199
h,1896,86598248
h,1897,86040681
h,1898,90838568
h,1899,105621971
h,1900,114909003
h,1901,107939461
h,1902,108500021
h,1903,103417636
h,1904,113585815
h,1905,106245187
h,1906,111843579
h,1907,109348266
h,1908,111479376
h,1909,99275025
h,1910,106740973
h,1911,104332996
h,1912,110326414
h,1913,103260087
h,1914,98787894
h,1915,88536095
h,1916,86293449
h,1917,87889392
h,1918,75590946
h,1919,84944929
h,1920,100758705
h,1921,88789620
h,1922,105385465
h,1923,87857164
h,1924,81407739
h,1925,85454311
h,1926,80128892
h,1927,92177907
h,1928,92443071
h,1929,89882635
h,1930,95333767
h,1931,89807981
h,1932,80930755
h,1933,68195373
h,1934,79551163
h,1935,87536017
h,1936,89294566
h,1937,90444791
h,1938,90505638
h,1939,88740916
h,1940,82522353
h,1941,75812185
h,1942,71959856
h,1943,62646958
h,1944,58447187
h,1945,65266426
h,1946,87874671
h,1947,99234937
h,1948,102702808
h,1949,111901071
h,1950,112152336
h,1951,109526502
h,1952,111490759
h,1953,107938677
h,1954,114678816
h,1955,120311090
h,1956,125510783
h,1957,132683753
h,1958,131813586
h,1959,136322193
h,1960,154631842
h,1961,169735868
h,1962,184624754
h,1963,193083639
h,1964,188510115
h,1965,211624497
h,1966,222067231
h,1967,237126466
h,1968,258201212
h,1969,256471856
h,1970,265812486
h,1971,255470620
h,1972,263125313
h,1973,252303687
h,1974,250339996
h,1975,249904341
h,1976,261316121
h,1977,265460850
h,1978,268012806
h,1979,274936786
h,1980,282946654
h,1981,284206577
h,1982,296012110
h,1983,306520893
h,1984,324064378
h,1985,335839987
h,1986,355047233
h,1987,369623519
h,1988,384856036
h,1989,407251863
h,1990,436726875
h,1991,433937837
h,1992,470865198
h,1993,471057958
h,1994,503409138
h,1995,514406334
h,1996,548074333
h,1997,558564491
h,1998,585383906
h,1999,627193055
h,2000,716937653
h,2001,725853455
h,2002,806071558
h,2003,895304068
h,2004,1000682321
h,2005,970126944
h,2006,1036010135
h,2007,1134228404
h,2008,1513713725
i,1505,3079
i,1507,5559
i,1515,38707
i,1520,6140
i,1524,26162
i,1525,421
i,1527,532
i,1541,606
i,1563,17834
i,1564,6504
i,1568,16632
i,1572,20398
i,1574,6638
i,1575,16070
i,1579,21379
i,1581,72402
i,1582,15285
i,1584,15332
i,1587,28158
i,1588,2926
i,1589,4448
i,1590,76237
i,1592,10130
i,1593,3285
i,1594,700
i,1595,2971
i,1597,933
i,1598,8254
i,1600,55679
i,1602,232
i,1603,7041
i,1605,1127
i,1606,6369
i,1607,43348
i,1610,543
i,1611,5974
i,1612,5516
i,1614,1095
i,1618,2394
i,1619,5351
i,1620,27507
i,1621,6136
i,1623,11770
i,1624,13277
i,1625,9146
i,1626,4018
i,1628,669
i,1629,28191
i,1630,13013
i,1631,49241
i,1632,3899
i,1634,15889
i,1635,25255
i,1636,3276
i,1637,53609
i,1638,22755
i,1640,5292
i,1641,5914
i,1642,16017
i,1643,19983
i,1644,103807
i,1645,25627
i,1646,5596
i,1647,40321
i,1648,44102
i,1649,21901
i,1650,22793
i,1651,64660
i,1652,20652
i,1653,39937
i,1654,4254
i,1655,27471
i,1656,67399
i,1657,34667
i,1658,82712
i,1659,48945
i,1660,12529
i,1661,13318
i,1662,24191
i,1663,23255
i,1664,34899
i,1665,29089
i,1666,10509
i,1667,84989
i,1668,95087
i,1669,36243
i,1670,62184
i,1671,19276
i,1672,53363
i,1673,94832
i,1674,13960
i,1675,161512
i,1676,186798
i,1677,103892
i,1678,180580
i,1679,116258
i,1680,121940
i,1681,258146
i,1682,350570
i,1683,432508
i,1684,198794
i,1685,225367
i,1686,146431
i,1687,118110
i,1688,260500
i,1689,105902
i,1690,115935
i,1691,28701
i,1692,161451
i,1693,107027
i,1694,238056
i,1695,135775
i,1696,94460
i,1697,101086
i,1698,332978
i,1699,332606
i,1700,448977
i,1701,454555
i,1702,532570
i,1703,464126
i,1704,551968
i,1705,547570
i,1706,760249
i,1707,586560
i,1708,732324
i,1709,358675
i,1710,777337
i,1711,682105
i,1712,422387
i,1713,560614
i,1714,936343
i,1715,658427
i,1716,574145
i,1717,784074
i,1718,605344
i,1719,598583
i,1720,1122165
i,1721,796947
i,1722,1311887
i,1723,831690
i,1724,931722
i,1725,1121851
i,1726,1112705
i,1727,1526196
i,1728,1218240
i,1729,1371506
i,1730,1348624
i,1731,1464165
i,1732,1171286
i,1733,657252
i,1734,1177423
i,1735,1037916
i,1736,945311
i,1737,1502255
i,1738,1550783
i,1739,1274424
i,1740,1324547
i,1741,923699
i,1742,1388596
i,1743,1125087
i,1744,1647055
i,1745,1119739
i,1746,827606
i,1747,1780907
i,1748,1830110
i,1749,1411213
i,1750,2131223
i,1751,2497658
i,1752,1650805
i,1753,2249238
i,1754,2335301
i,1755,2306359
i,1756,1038487
i,1757,1626125
i,1758,1935180
i,1759,2310806
i,1760,1587322
i,1761,1855871
i,1762,1268246
i,1763,2176401
i,1764,2059844
i,1765,1885267
i,1766,3134748
i,1767,2359050
i,1768,3164360
i,1769,2130322
i,1770,2583902
i,1771,2269081
i,1772,2446402
i,1773,2181986
i,1774,2384228
i,1775,2996233
i,1776,3231912
i,1777,2641670
i,1778,2409965
i,1779,2033189
i,1780,2176537
i,1781,2442386
i,1782,2398671
i,1783,2468813
i,1784,3228183
i,1785,3138101
i,1786,3226374
i,1787,4637462
i,1788,4899819
i,1789,4128084
i,1790,4799965
i,1791,5369140
i,1792,5561997
i,1793,4991227
i,1794,5814899
i,1795,5328649
i,1796,6616310
i,1797,5325135
i,1798,5339488
i,1799,5767409
i,1800,8289774
i,1801,13059062
i,1802,11009753
i,1803,12463763
i,1804,13134614
i,1805,13054664
i,1806,13627946
i,1807,15323064
i,1808,15260455
i,1809,16701599
i,1810,17316458
i,1811,20756081
i,1812,20245891
i,1813,16802344
i,1814,19158793
i,1815,18258645
i,1816,18689795
i,1817,21138062
i,1818,23557449
i,1819,20707422
i,1820,26354297
i,1821,20615580
i,1822,31631772
i,1823,29704824
i,1824,36596891
i,1825,36937648
i,1826,28497507
i,1827,29131249
i,1828,32213340
i,1829,34351273
i,1830,40787159
i,1831,37383370
i,1832,37417511
i,1833,37040822
i,1834,35692383
i,1835,42293047
i,1836,43529287
i,1837,40150817
i,1838,42736186
i,1839,49422332
i,1840,49430220
i,1841,45130680
i,1842,40928524
i,1843,48827297
i,1844,49081139
i,1845,53246571
i,1846,53873201
i,1847,51356713
i,1848,54549744
i,1849,55114201
i,1850,59150725
i,1851,63145711
i,1852,65244186
i,1853,73937451
i,1854,80849995
i,1855,70866866
i,1856,75976704
i,1857,65898858
i,1858,63007456
i,1859,68746077
i,1860,71326458
i,1861,53522174
i,1862,46063790
i,1863,49069070
i,1864,57375950
i,1865,58302699
i,1866,63443891
i,1867,60201099
i,1868,64212004
i,1869,65799691
i,1870,64635322
i,1871,65973423
i,1872,67197347
i,1873,70001594
i,1874,75787685
i,1875,75644634
i,1876,79651149
i,1877,77531249
i,1878,73951326
i,1879,76859667
i,1880,91280603
i,1881,92601083
i,1882,97174453
i,1883,110230308
i,1884,104457572
i,1885,100884234
i,1886,85368771
i,1887,94432252
i,1888,93746536
i,1889,89865816
i,1890,92754823
i,1891,101510979
i,1892,111484345
i,1893,108829038
i,1894,106535133
i,1895,116903798
i,1896,124140706
i,1897,121560195
i,1898,129870648
i,1899,144310003
i,1900,156550894
i,1901,151253257
i,1902,153416067
i,1903,150677999
i,1904,166516673
i,1905,160244147
i,1906,166225878
i,1907,168338188
i,1908,169080411
i,1909,154376867
i,1910,161295385
i,1911,162157888
i,1912,172279486
i,1913,162846929
i,1914,159631330
i,1915,145761960
i,1916,140657646
i,1917,143536665
i,1918,125904651
i,1919,135725951
i,1920,168275430
i,1921,146695785
i,1922,169833756
i,1923,138574392
i,1924,129028156
i,1925,133370685
i,1926,125525655
i,1927,145610171
i,1928,143449252
i,1929,137207012
i,1930,148352413
i,1931,140691239
i,1932,125507018
i,1933,108995753
i,1934,125506408
i,1935,136906169
i,1936,142282608
i,1937,145666122
i,1938,150251265
i,1939,149152017
i,1940,139392388
i,1941,128417500
i,1942,123914951
i,1943,105418755
i,1944,96068371
i,1945,111447661
i,1946,143747527
i,1947,164533169
i,1948,177470886
i,1949,197039974
i,1950,197186164
i,1951,193012665
i,1952,194292907
i,1953,191459239
i,1954,197749153
i,1955,209716057
i,1956,217318406
i,1957,234943908
i,1958,237572973
i,1959,246651745
i,1960,281480996
i,1961,308155715
i,1962,338978647
i,1963,354132931
i,1964,352411538
i,1965,397757963
i,1966,415253230
i,1967,436703305
i,1968,475437739
i,1969,469525180
i,1970,489062309
i,1971,485973587
i,1972,498544205
i,1973,484551307
i,1974,481638833
i,1975,488613340
i,1976,503794494
i,1977,511858810
i,1978,515758182
i,1979,535040862
i,1980,544176433
i,1981,543764408
i,1982,569405139
i,1983,584832215
i,1984,623201764
i,1985,641082768
i,1986,680898958
i,1987,695245852
i,1988,725047133
i,1989,764907973
i,1990,826801132
i,1991,802287284
i,1992,887059084
i,1993,870062792
i,1994,930415855
i,1995,961194298
i,1996,1015323190
i,1997,1041787047
i,1998,1090925718
i,1999,1157603034
i,2000,1296716998
i,2001,1312599728
i,2002,1452496759
i,2003,1581667893
i,2004,1703565473
i,2005,1675388659
i,2006,1780039103
i,2007,1886019876
i,2008,2270546809
p,1505,3362
p,1507,3194
p,1515,24291
p,1520,3777
p,1524,20252
p,1525,224
p,1527,214
p,1541,347
p,1563,16087
p,1564,5600
p,1568,6274
p,1572,11040
p,1574,5051
p,1575,8873
p,1579,12803
p,1581,48772
p,1582,8844
p,1584,10929
p,1587,13801
p,1588,3235
p,1589,2473
p,1590,34039
p,1592,5435
p,1593,2180
p,1594,506
p,1595,2331
p,1597,774
p,1598,4154
p,1600,38723
p,1602,207
p,1603,3236
p,1605,574
p,1606,2790
p,1607,24349
p,1610,410
p,1611,2470
p,1612,3101
p,1614,559
p,1618,829
p,1619,3529
p,1620,11665
p,1621,2505
p,1623,6555
p,1624,9670
p,1625,3867
p,1626,2096
p,1628,476
p,1629,19036
p,1630,7659
p,1631,28520
p,1632,2047
p,1634,6958
p,1635,16031
p,1636,1446
p,1637,30985
p,1638,12691
p,1640,2971
p,1641,3423
p,1642,7026
p,1643,12639
p,1644,66380
p,1645,18948
p,1646,3491
p,1647,18694
p,1648,32467
p,1649,16251
p,1650,11986
p,1651,33214
p,1652,8653
p,1653,22538
p,1654,3100
p,1655,17113
p,1656,41544
p,1657,20429
p,1658,56697
p,1659,39852
p,1660,10042
p,1661,7975
p,1662,16321
p,1663,15759
p,1664,16754
p,1665,18552
p,1666,5933
p,1667,45166
p,1668,70384
p,1669,20868
p,1670,46636
p,1671,8434
p,1672,25532
p,1673,63089
p,1674,6957
p,1675,93740
p,1676,106044
p,1677,45873
p,1678,129671
p,1679,77510
p,1680,71448
p,1681,168575
p,1682,228833
p,1683,276716
p,1684,89373
p,1685,136337
p,1686,77345
p,1687,81162
p,1688,166556
p,1689,64997
p,1690,51601
p,1691,21082
p,1692,114122
p,1693,60543
p,1694,119663
p,1695,65507
p,1696,47970
p,1697,57834
p,1698,202575
p,1699,166008
p,1700,237586
p,1701,235617
p,1702,305454
p,1703,247413
p,1704,293052
p,1705,314073
p,1706,430021
p,1707,332323
p,1708,387412
p,1709,208225
p,1710,443287
p,1711,404741
p,1712,237162
p,1713,286233
p,1714,459346
p,1715,415923
p,1716,327961
p,1717,428321
p,1718,318322
p,1719,286572
p,1720,557554
p,1721,449408
p,1722,625908
p,1723,439266
p,1724,528157
p,1725,661073
p,1726,619680
p,1727,798519
p,1728,706424
p,1729,773048
p,1730,777570
p,1731,842073
p,1732,667686
p,1733,354992
p,1734,648187
p,1735,606552
p,1736,502989
p,1737,876870
p,1738,875890
p,1739,749174
p,1740,721337
p,1741,528067
p,1742,716100
p,1743,589413
p,1744,864036
p,1745,579738
p,1746,451040
p,1747,1032734
p,1748,1019395
p,1749,797093
p,1750,1246829
p,1751,1297891
p,1752,936986
p,1753,1230154
p,1754,1323320
p,1755,1310248
p,1756,576243
p,1757,910716
p,1758,1140988
p,1759,1431680
p,1760,939017
p,1761,1193437
p,1762,766185
p,1763,1350785
p,1764,1266122
p,1765,1040256
p,1766,1787643
p,1767,1321649
p,1768,1808650
p,1769,1273586
p,1770,1479221
p,1771,1395469
p,1772,1304148
p,1773,1298024
p,1774,1321641
p,1775,1730601
p,1776,1806964
p,1777,1541070
p,1778,1447217
p,1779,1236526
p,1780,1254690
p,1781,1464435
p,1782,1495971
p,1783,1426754
p,1784,1802574
p,1785,1781555
p,1786,1897188
p,1787,2861883
p,1788,2979533
p,1789,2688850
p,1790,2725125
p,1791,3013155
p,1792,3269677
p,1793,2924545
p,1794,3310067
p,1795,3162914
p,1796,3838511
p,1797,3194087
p,1798,3165300
p,1799,3468282
p,1800,4884381
p,1801,7368555
p,1802,6626849
p,1803,7277085
p,1804,7859135
p,1805,8008070
p,1806,8121497
p,1807,8830299
p,1808,8618001
p,1809,9254611
p,1810,10372885
p,1811,11999462
p,1812,11550507
p,1813,9785754
p,1814,11384170
p,1815,10316805
p,1816,11010952
p,1817,12515782
p,1818,14024408
p,1819,11933159
p,1820,15488808
p,1821,12449552
p,1822,18227321
p,1823,17175762
p,1824,20682072
p,1825,21326268
p,1826,16693882
p,1827,17262886
p,1828,18584357
p,1829,19840192
p,1830,22604276
p,1831,21269593
p,1832,21017528
p,1833,20657014
p,1834,20326807
p,1835,23943400
p,1836,24894725
p,1837,22756521
p,1838,24081761
p,1839,27574771
p,1840,28874886
p,1841,25975098
p,1842,23090556
p,1843,27299204
p,1844,27606119
p,1845,30334611
p,1846,30767714
p,1847,29758588
p,1848,31255672
p,1849,31800360
p,1850,33377316
p,1851,35908573
p,1852,36668631
p,1853,41587969
p,1854,45592942
p,1855,39947697
p,1856,43012429
p,1857,37188103
p,1858,35934315
p,1859,38734262
p,1860,39623683
p,1861,30262759
p,1862,25747346
p,1863,27132842
p,1864,31923924
p,1865,32558568
p,1866,35564794
p,1867,33652038
p,1868,35324288
p,1869,35848703
p,1870,35532429
p,1871,35763909
p,1872,36722516
p,1873,37736198
p,1874,41024150
p,1875,41974077
p,1876,43730728
p,1877,43906076
p,1878,41102300
p,1879,42761351
p,1880,51282249
p,1881,51184750
p,1882,53403982
p,1883,59921388
p,1884,57520879
p,1885,55328761
p,1886,47760424
p,1887,51779368
p,1888,51683568
p,1889,49669681
p,1890,51087392
p,1891,55017115
p,1892,60343700
p,1893,59216714
p,1894,58316502
p,1895,64156870
p,1896,68080715
p,1897,65875262
p,1898,71673923
p,1899,78487772
p,1900,86133351
p,1901,83475834
p,1902,85049439
p,1903,81770075
p,1904,91459205
p,1905,89087361
p,1906,90705672
p,1907,93044234
p,1908,93654309
p,1909,84797286
p,1910,89497628
p,1911,89894927
p,1912,95514610
p,1913,90466435
p,1914,89215825
p,1915,82181409
p,1916,79669378
p,1917,79602075
p,1918,70031243
p,1919,76148870
p,1920,94034343
p,1921,83254224
p,1922,96104635
p,1923,77131214
p,1924,72212989
p,1925,74734960
p,1926,71469007
p,1927,82715228
p,1928,82781461
p,1929,78036697
p,1930,85116796
p,1931,81017997
p,1932,73056430
p,1933,63223730
p,1934,72883021
p,1935,80204532
p,1936,83340455
p,1937,85541114
p,1938,89075858
p,1939,89169497
p,1940,83968747
p,1941,77633541
p,1942,74616191
p,1943,63100185
p,1944,57585200
p,1945,66120748
p,1946,85330470
p,1947,99008743
p,1948,107030692
p,1949,119335037
p,1950,118928571
p,1951,116172048
p,1952,116825675
p,1953,114781643
p,1954,119637256
p,1955,126463078
p,1956,131530204
p,1957,141401533
p,1958,144408049
p,1959,151980499
p,1960,172134161
p,1961,187457807
p,1962,207617550
p,1963,218362518
p,1964,218177724
p,1965,245115046
p,1966,258809079
p,1967,272531976
p,1968,295566592
p,1969,294274357
p,1970,305414003
p,1971,307619650
p,1972,316260038
p,1973,309611730
p,1974,309389326
p,1975,314205440
p,1976,323930515
p,1977,329805807
p,1978,334064781
p,1979,347311014
p,1980,353364713
p,1981,353275235
p,1982,370536120
p,1983,380660817
p,1984,406510870
p,1985,417966748
p,1986,443026346
p,1987,450105611
p,1988,469145467
p,1989,496514887
p,1990,535624345
p,1991,518219532
p,1992,572904727
p,1993,562156698
p,1994,602812187
p,1995,624390448
p,1996,657939193
p,1997,674631199
p,1998,708247563
p,1999,746266266
p,2000,827522524
p,2001,838297308
p,2002,917873737
p,2003,990641196
p,2004,1057248318
p,2005,1042166625
p,2006,1103647620
p,2007,1146229200
p,2008,1307779008
r,1505,986
r,1507,1675
r,1515,19424
r,1520,1979
r,1524,11284
r,1525,124
r,1527,128
r,1541,125
r,1563,8776
r,1564,2171
r,1568,3271
r,1572,5329
r,1574,2167
r,1575,9856
r,1579,6810
r,1581,23931
r,1582,6559
r,1584,5212
r,1587,7371
r,1588,1729
r,1589,1296
r,1590,20449
r,1592,2909
r,1593,1454
r,1594,354
r,1595,1101
r,1597,436
r,1598,3034
r,1600,27164
r,1602,156
r,1603,1690
r,1605,493
r,1606,1531
r,1607,16156
r,1610,221
r,1611,1581
r,1612,2236
r,1614,271
r,1618,569
r,1619,2148
r,1620,7157
r,1621,1466
r,1623,4936
r,1624,5120
r,1625,1918
r,1626,1390
r,1628,280
r,1629,7834
r,1630,4381
r,1631,15682
r,1632,1529
r,1634,4368
r,1635,9332
r,1636,828
r,1637,25974
r,1638,8292
r,1640,1883
r,1641,1499
r,1642,4402
r,1643,6730
r,1644,33973
r,1645,8992
r,1646,1813
r,1647,10204
r,1648,18838
r,1649,10119
r,1650,6050
r,1651,15442
r,1652,4834
r,1653,11309
r,1654,1337
r,1655,10178
r,1656,20273
r,1657,10667
r,1658,28996
r,1659,21359
r,1660,5022
r,1661,4249
r,1662,8643
r,1663,6907
r,1664,10427
r,1665,8391
r,1666,2425
r,1667,24524
r,1668,39673
r,1669,10843
r,1670,26630
r,1671,5075
r,1672,15749
r,1673,38790
r,1674,3868
r,1675,60029
r,1676,62469
r,1677,25385
r,1678,70860
r,1679,41030
r,1680,40361
r,1681,91891
r,1682,140640
r,1683,153377
r,1684,56586
r,1685,82885
r,1686,46067
r,1687,48757
r,1688,95490
r,1689,37024
r,1690,28753
r,1691,12101
r,1692,53603
r,1693,38066
r,1694,63490
r,1695,37632
r,1696,28908
r,1697,31726
r,1698,107716
r,1699,89414
r,1700,129853
r,1701,134281
r,1702,170915
r,1703,140012
r,1704,168400
r,1705,170095
r,1706,241581
r,1707,187187
r,1708,215375
r,1709,114718
r,1710,241377
r,1711,232782
r,1712,128293
r,1713,162098
r,1714,263252
r,1715,225626
r,1716,181969
r,1717,250645
r,1718,181660
r,1719,158038
r,1720,326847
r,1721,243013
r,1722,347164
r,1723,257662
r,1724,289312
r,1725,373535
r,1726,350492
r,1727,458366
r,1728,413235
r,1729,462841
r,1730,454100
r,1731,473626
r,1732,371290
r,1733,203002
r,1734,366097
r,1735,336053
r,1736,294314
r,1737,472079
r,1738,503447
r,1739,424592
r,1740,406881
r,1741,291644
r,1742,403876
r,1743,340781
r,1744,494449
r,1745,327753
r,1746,260524
r,1747,603089
r,1748,569794
r,1749,430800
r,1750,711221
r,1751,726587
r,1752,525127
r,1753,707084
r,1754,744982
r,1755,754663
r,1756,329510
r,1757,515105
r,1758,657600
r,1759,821383
r,1760,556006
r,1761,716286
r,1762,431095
r,1763,772303
r,1764,735018
r,1765,580199
r,1766,989461
r,1767,734637
r,1768,1033624
r,1769,706023
r,1770,824818
r,1771,762780
r,1772,717601
r,1773,744395
r,1774,748554
r,1775,933765
r,1776,1006192
r,1777,874712
r,1778,807362
r,1779,711919
r,1780,733287
r,1781,821409
r,1782,845267
r,1783,821059
r,1784,989297
r,1785,991095
r,1786,1054545
r,1787,1593715
r,1788,1671740
r,1789,1542874
r,1790,1518343
r,1791,1679474
r,1792,1858897
r,1793,1651372
r,1794,1859071
r,1795,1795835
r,1796,2141420
r,1797,1813751
r,1798,1755511
r,1799,1989367
r,1800,2755587
r,1801,4043481
r,1802,3852180
r,1803,4030987
r,1804,4494059
r,1805,4542217
r,1806,4601627
r,1807,4973004
r,1808,4869379
r,1809,5219732
r,1810,5706100
r,1811,6826739
r,1812,6507795
r,1813,5594790
r,1814,6433960
r,1815,6060175
r,1816,6330767
r,1817,7151869
r,1818,8106728
r,1819,6814878
r,1820,9135026
r,1821,7149296
r,1822,10515323
r,1823,9798812
r,1824,11811371
r,1825,12558003
r,1826,9694625
r,1827,10296980
r,1828,10813112
r,1829,11654713
r,1830,13240257
r,1831,12379292
r,1832,12620057
r,1833,12304002
r,1834,12018620
r,1835,14266810
r,1836,14745380
r,1837,13468819
r,1838,14437787
r,1839,16190022
r,1840,16944134
r,1841,15557418
r,1842,13816931
r,1843,15886201
r,1844,16607618
r,1845,18378608
r,1846,18552420
r,1847,17911168
r,1848,18876376
r,1849,19210690
r,1850,20316885
r,1851,21732180
r,1852,22479393
r,1853,25119646
r,1854,27722172
r,1855,24420330
r,1856,26333300
r,1857,22886354
r,1858,22134267
r,1859,23576937
r,1860,24341070
r,1861,18596156
r,1862,15873459
r,1863,16631174
r,1864,19923133
r,1865,20478252
r,1866,22538524
r,1867,20884425
r,1868,22055872
r,1869,22303212
r,1870,21942023
r,1871,22036968
r,1872,22507610
r,1873,23324109
r,1874,25425375
r,1875,25932958
r,1876,27367682
r,1877,27265205
r,1878,25464056
r,1879,26427513
r,1880,31716401
r,1881,31968762
r,1882,33510734
r,1883,37166733
r,1884,35897795
r,1885,34774025
r,1886,30079810
r,1887,32606632
r,1888,32511688
r,1889,30993599
r,1890,32272119
r,1891,34311996
r,1892,37806973
r,1893,37312857
r,1894,36778890
r,1895,40190529
r,1896,42715250
r,1897,41910735
r,1898,45362696
r,1899,49687214
r,1900,54439581
r,1901,52054501
r,1902,53467305
r,1903,52004169
r,1904,57737917
r,1905,56082642
r,1906,57434796
r,1907,58488656
r,1908,58499881
r,1909,52915246
r,1910,55829154
r,1911,56102813
r,1912,59448245
r,1913,56481806
r,1914,55406251
r,1915,51174328
r,1916,49248182
r,1917,49337891
r,1918,43756596
r,1919,48028524
r,1920,58825213
r,1921,51793186
r,1922,60184469
r,1923,48630739
r,1924,45178976
r,1925,46842145
r,1926,44552203
r,1927,51327126
r,1928,51800771
r,1929,48682239
r,1930,53106969
r,1931,50626429
r,1932,45608176
r,1933,39613994
r,1934,45548148
r,1935,50222655
r,1936,52334026
r,1937,53229896
r,1938,55169828
r,1939,55035232
r,1940,52170878
r,1941,47943502
r,1942,46248882
r,1943,39510011
r,1944,35605730
r,1945,40838732
r,1946,53205390
r,1947,61835918
r,1948,66562439
r,1949,73570177
r,1950,74649103
r,1951,72683388
r,1952,73237268
r,1953,71740814
r,1954,75319141
r,1955,79544638
r,1956,82610182
r,1957,89106597
r,1958,90344333
r,1959,95498256
r,1960,108515262
r,1961,118995648
r,1962,130292157
r,1963,137581403
r,1964,136881754
r,1965,154272922
r,1966,162498777
r,1967,172150893
r,1968,186807555
r,1969,185185857
r,1970,193005327
r,1971,194103839
r,1972,199375283
r,1973,195585925
r,1974,194760604
r,1975,199210616
r,1976,205519968
r,1977,209661734
r,1978,212496124
r,1979,222525863
r,1980,225822011
r,1981,227066330
r,1982,238624186
r,1983,245606062
r,1984,262446644
r,1985,270358094
r,1986,286530972
r,1987,292506382
r,1988,306180796
r,1989,323300777
r,1990,349460022
r,1991,339244560
r,1992,375402855
r,1993,370018833
r,1994,396806200
r,1995,410048784
r,1996,431890813
r,1997,443505829
r,1998,465757539
r,1999,493353164
r,2000,549787068
r,2001,557934632
r,2002,612983879
r,2003,660724412
r,2004,707258027
r,2005,698781006
r,2006,737603472
r,2007,770202721
r,2008,878255728
s,1505,2432
s,1507,4014
s,1515,24559
s,1520,5107
s,1524,25102
s,1525,336
s,1527,478
s,1541,493
s,1563,21962
s,1564,6052
s,1568,16966
s,1572,17324
s,1574,5736
s,1575,18525
s,1579,22291
s,1581,72717
s,1582,14879
s,1584,15606
s,1587,29069
s,1588,5966
s,1589,3303
s,1590,59211
s,1592,11831
s,1593,5487
s,1594,1322
s,1595,4567
s,1597,1212
s,1598,8571
s,1600,35669
s,1602,382
s,1603,6953
s,1605,1829
s,1606,7335
s,1607,36534
s,1610,637
s,1611,4648
s,1612,3467
s,1614,430
s,1618,2143
s,1619,5161
s,1620,23505
s,1621,8469
s,1623,12369
s,1624,15366
s,1625,7352
s,1626,4560
s,1628,667
s,1629,24528
s,1630,13830
s,1631,34855
s,1632,4483
s,1634,17323
s,1635,22622
s,1636,3494
s,1637,61032
s,1638,23453
s,1640,7162
s,1641,3721
s,1642,12291
s,1643,16334
s,1644,86212
s,1645,25076
s,1646,970
s,1647,30331
s,1648,40895
s,1649,25340
s,1650,18237
s,1651,50381
s,1652,16931
s,1653,36634
s,1654,3339
s,1655,25484
s,1656,61896
s,1657,29237
s,1658,75204
s,1659,47398
s,1660,9999
s,1661,12744
s,1662,23821
s,1663,18653
s,1664,29396
s,1665,26200
s,1666,7497
s,1667,78203
s,1668,101732
s,1669,34677
s,1670,63121
s,1671,13827
s,1672,38216
s,1673,82382
s,1674,12326
s,1675,162160
s,1676,163784
s,1677,77990
s,1678,174993
s,1679,106109
s,1680,89642
s,1681,249205
s,1682,359729
s,1683,383636
s,1684,170171
s,1685,208958
s,1686,108613
s,1687,90507
s,1688,211633
s,1689,86802
s,1690,87913
s,1691,27997
s,1692,161759
s,1693,100932
s,1694,183866
s,1695,113787
s,1696,67884
s,1697,83935
s,1698,273193
s,1699,252139
s,1700,345578
s,1701,350972
s,1702,442355
s,1703,411263
s,1704,450426
s,1705,455113
s,1706,613052
s,1707,509355
s,1708,591903
s,1709,323663
s,1710,606949
s,1711,619419
s,1712,366287
s,1713,436182
s,1714,714333
s,1715,600722
s,1716,464047
s,1717,632031
s,1718,490389
s,1719,451872
s,1720,868054
s,1721,633889
s,1722,879348
s,1723,695606
s,1724,794779
s,1725,1034254
s,1726,937353
s,1727,1153490
s,1728,1012971
s,1729,1084229
s,1730,1069054
s,1731,1156968
s,1732,965841
s,1733,508767
s,1734,946350
s,1735,863378
s,1736,735580
s,1737,1238641
s,1738,1239771
s,1739,1029870
s,1740,1019908
s,1741,732977
s,1742,1010459
s,1743,852978
s,1744,1259465
s,1745,790012
s,1746,659468
s,1747,1320102
s,1748,1394344
s,1749,1159148
s,1750,1765018
s,1751,1798142
s,1752,1285289
s,1753,1726015
s,1754,1813190
s,1755,1766166
s,1756,762442
s,1757,1237187
s,1758,1484726
s,1759,1899651
s,1760,1304377
s,1761,1583047
s,1762,1004166
s,1763,1843573
s,1764,1654512
s,1765,1464910
s,1766,2375297
s,1767,1792469
s,1768,2394419
s,1769,1590091
s,1770,2003120
s,1771,1672873
s,1772,1844075
s,1773,1696161
s,1774,1807329
s,1775,2241625
s,1776,2477108
s,1777,2050825
s,1778,1933711
s,1779,1701207
s,1780,1816202
s,1781,1998560
s,1782,1845928
s,1783,1900626
s,1784,2468773
s,1785,2462166
s,1786,2560074
s,1787,3834319
s,1788,3957457
s,1789,3434254
s,1790,3563173
s,1791,3928705
s,1792,4378400
s,1793,3805895
s,1794,4445581
s,1795,4293430
s,1796,5342671
s,1797,4463873
s,1798,4404931
s,1799,4740579
s,1800,6680994
s,1801,10274927
s,1802,9227220
s,1803,10059669
s,1804,11119885
s,1805,11325943
s,1806,11576533
s,1807,12711165
s,1808,13082502
s,1809,13744085
s,1810,15047704
s,1811,17763379
s,1812,17282376
s,1813,14551991
s,1814,16759662
s,1815,15693348
s,1816,15990541
s,1817,18175916
s,1818,20634308
s,1819,17796644
s,1820,23562055
s,1821,18509363
s,1822,27431764
s,1823,26009091
s,1824,31534774
s,1825,32233018
s,1826,24603440
s,1827,25412625
s,1828,27542611
s,1829,29556578
s,1830,34669872
s,1831,31915920
s,1832,31839934
s,1833,31603305
s,1834,30886100
s,1835,36157240
s,1836,36985065
s,1837,34283403
s,1838,36342330
s,1839,42249647
s,1840,42483141
s,1841,39444062
s,1842,35503058
s,1843,40962281
s,1844,42793044
s,1845,46602757
s,1846,46648772
s,1847,45024659
s,1848,47360969
s,1849,48112364
s,1850,51940817
s,1851,55102761
s,1852,57545700
s,1853,64142340
s,1854,69815349
s,1855,62395875
s,1856,67446541
s,1857,58772774
s,1858,55599740
s,1859,60513555
s,1860,63186830
s,1861,48188898
s,1862,41584379
s,1863,44030929
s,1864,51681613
s,1865,52776179
s,1866,57140712
s,1867,54488320
s,1868,57499552
s,1869,58729101
s,1870,58127526
s,1871,59552176
s,1872,59963911
s,1873,61772100
s,1874,67547261
s,1875,67922283
s,1876,71216779
s,1877,69739961
s,1878,66083458
s,1879,68776696
s,1880,82990711
s,1881,83476656
s,1882,88000317
s,1883,99317538
s,1884,93360188
s,1885,90441382
s,1886,76601872
s,1887,85354419
s,1888,84459961
s,1889,81358252
s,1890,83444224
s,1891,90368241
s,1892,100266542
s,1893,98162185
s,1894,96074560
s,1895,106036540
s,1896,113129778
s,1897,111295498
s,1898,119999399
s,1899,133358696
s,1900,145470245
s,1901,138738024
s,1902,141736870
s,1903,136990063
s,1904,151361292
s,1905,145832200
s,1906,151211920
s,1907,152335952
s,1908,153599706
s,1909,139628089
s,1910,147457438
s,1911,147816984
s,1912,155400322
s,1913,148434355
s,1914,144596861
s,1915,131898416
s,1916,128595141
s,1917,130338442
s,1918,114383673
s,1919,124330762
s,1920,151781230
s,1921,132352582
s,1922,154953689
s,1923,126135558
s,1924,117290095
s,1925,122175353
s,1926,115373420
s,1927,132725455
s,1928,133325843
s,1929,126565732
s,1930,136547053
s,1931,129316739
s,1932,115347651
s,1933,100408884
s,1934,114659803
s,1935,125944046
s,1936,130861195
s,1937,135163761
s,1938,137862153
s,1939,136195361
s,1940,128979306
s,1941,118694516
s,1942,114950816
s,1943,97163089
s,1944,89104091
s,1945,100711896
s,1946,131387661
s,1947,151248593
s,1948,161906415
s,1949,178971069
s,1950,179279969
s,1951,174633422
s,1952,175651526
s,1953,173904019
s,1954,181081928
s,1955,190498623
s,1956,197594909
s,1957,211203836
s,1958,213442809
s,1959,223718605
s,1960,252826876
s,1961,277182390
s,1962,303500611
s,1963,318186813
s,1964,314660116
s,1965,354245188
s,1966,371059861
s,1967,392572268
s,1968,426794502
s,1969,424088642
s,1970,439704543
s,1971,438410780
s,1972,452062009
s,1973,440372254
s,1974,439646015
s,1975,448016828
s,1976,462818818
s,1977,472476962
s,1978,478971956
s,1979,497138758
s,1980,506381667
s,1981,509698722
s,1982,534390214
s,1983,550688715
s,1984,586318155
s,1985,605262882
s,1986,641357500
s,1987,658378093
s,1988,687463361
s,1989,725914066
s,1990,787545524
s,1991,766985376
s,1992,846186438
s,1993,833255359
s,1994,893215714
s,1995,918358122
s,1996,969949286
s,1997,996954510
s,1998,1044565557
s,1999,1109721867
s,2000,1248180982
s,2001,1268096479
s,2002,1400994634
s,2003,1527499723
s,2004,1649696048
s,2005,1616922675
s,2006,1704628653
s,2007,1809666731
s,2008,2186423184
t,1505,6801
t,1507,11336
t,1515,82401
t,1520,15700
t,1524,61181
t,1525,864
t,1527,1178
t,1541,1232
t,1563,66121
t,1564,15543
t,1568,48891
t,1572,48062
t,1574,12472
t,1575,45170
t,1579,60076
t,1581,199286
t,1582,42574
t,1584,35317
t,1587,66279
t,1588,9054
t,1589,9426
t,1590,186768
t,1592,25770
t,1593,10664
t,1594,3218
t,1595,8687
t,1597,3497
t,1598,23776
t,1600,107442
t,1602,952
t,1603,18104
t,1605,4091
t,1606,19577
t,1607,106366
t,1610,1891
t,1611,13438
t,1612,15758
t,1614,2263
t,1618,4873
t,1619,16131
t,1620,60107
t,1621,20036
t,1623,34510
t,1624,42333
t,1625,19590
t,1626,11633
t,1628,1796
t,1629,83777
t,1630,45294
t,1631,106677
t,1632,12748
t,1634,43050
t,1635,68209
t,1636,7318
t,1637,154737
t,1638,58359
t,1640,16136
t,1641,15210
t,1642,42979
t,1643,47712
t,1644,299425
t,1645,71071
t,1646,17033
t,1647,92020
t,1648,138223
t,1649,73249
t,1650,62256
t,1651,170452
t,1652,50728
t,1653,111204
t,1654,11195
t,1655,85658
t,1656,192109
t,1657,95278
t,1658,219726
t,1659,141401
t,1660,40302
t,1661,43705
t,1662,60527
t,1663,58350
t,1664,86571
t,1665,71514
t,1666,26589
t,1667,229194
t,1668,352065
t,1669,96967
t,1670,241310
t,1671,42285
t,1672,112383
t,1673,296806
t,1674,43090
t,1675,494061
t,1676,556680
t,1677,242203
t,1678,630796
t,1679,338447
t,1680,327641
t,1681,787890
t,1682,1164795
t,1683,1324351
t,1684,521577
t,1685,718297
t,1686,399804
t,1687,369403
t,1688,805639
t,1689,306774
t,1690,262805
t,1691,99544
t,1692,510870
t,1693,311819
t,1694,633388
t,1695,346151
t,1696,246138
t,1697,302052
t,1698,984378
t,1699,889484
t,1700,1147603
t,1701,1181319
t,1702,1479704
t,1703,1290902
t,1704,1492041
t,1705,1516845
t,1706,2089170
t,1707,1634541
t,1708,1982135
t,1709,1001588
t,1710,2073188
t,1711,2079151
t,1712,1134176
t,1713,1399178
t,1714,2338065
t,1715,1943047
t,1716,1485622
t,1717,2121965
t,1718,1510854
t,1719,1484614
t,1720,2823433
t,1721,2183400
t,1722,3142032
t,1723,2263282
t,1724,2577247
t,1725,3149870
t,1726,2859448
t,1727,3865213
t,1728,3405627
t,1729,3709773
t,1730,3625084
t,1731,3932272
t,1732,2931559
t,1733,1740862
t,1734,3141143
t,1735,2581161
t,1736,2411236
t,1737,3823399
t,1738,4167424
t,1739,3558247
t,1740,3348691
t,1741,2419245
t,1742,3462230
t,1743,2769652
t,1744,4177550
t,1745,2680540
t,1746,2147001
t,1747,4788074
t,1748,4639014
t,1749,3781637
t,1750,5761224
t,1751,5917363
t,1752,4211790
t,1753,5637929
t,1754,6138290
t,1755,5918552
t,1756,2598245
t,1757,4000726
t,1758,5200403
t,1759,6459441
t,1760,4339536
t,1761,5475801
t,1762,3411387
t,1763,6176829
t,1764,5572822
t,1765,4569244
t,1766,7746878
t,1767,5946704
t,1768,8067045
t,1769,5312028
t,1770,6449707
t,1771,5889115
t,1772,5804588
t,1773,5508574
t,1774,5591858
t,1775,7353864
t,1776,7823437
t,1777,6541915
t,1778,6012792
t,1779,5398138
t,1780,5686416
t,1781,6153919
t,1782,6140874
t,1783,6075651
t,1784,7599707
t,1785,7772305
t,1786,8063371
t,1787,11983746
t,1788,12519510
t,1789,11058218
t,1790,11861042
t,1791,12897918
t,1792,13727416
t,1793,12239107
t,1794,14192589
t,1795,13395116
t,1796,16056726
t,1797,13612595
t,1798,13111372
t,1799,14275370
t,1800,20770432
t,1801,30835554
t,1802,28106058
t,1803,30447899
t,1804,33155593
t,1805,33303863
t,1806,33769057
t,1807,36588297
t,1808,37716073
t,1809,40162484
t,1810,43774722
t,1811,51559932
t,1812,50279061
t,1813,42082794
t,1814,48999083
t,1815,46203123
t,1816,47237479
t,1817,53389465
t,1818,59796495
t,1819,50346427
t,1820,67119492
t,1821,52642810
t,1822,78923090
t,1823,73887456
t,1824,87329362
t,1825,91624312
t,1826,70413355
t,1827,74033481
t,1828,80031377
t,1829,86215573
t,1830,99377498
t,1831,91211142
t,1832,91195488
t,1833,90156846
t,1834,87886545
t,1835,103616965
t,1836,107271827
t,1837,98098697
t,1838,104352587
t,1839,119389022
t,1840,123827324
t,1841,112868704
t,1842,101631444
t,1843,117976637
t,1844,122178610
t,1845,132946697
t,1846,132818617
t,1847,128458476
t,1848,134833551
t,1849,136489148
t,1850,145923330
t,1851,155592257
t,1852,161242688
t,1853,180267550
t,1854,197859907
t,1855,173767008
t,1856,188433701
t,1857,161607883
t,1858,154685226
t,1859,167624311
t,1860,173340197
t,1861,131159713
t,1862,112751850
t,1863,118438878
t,1864,138937337
t,1865,142946566
t,1866,155446157
t,1867,146554064
t,1868,153969471
t,1869,156608848
t,1870,155014878
t,1871,158067088
t,1872,158822925
t,1873,164305334
t,1874,178427841
t,1875,181428703
t,1876,189541210
t,1877,188137210
t,1878,175704502
t,1879,183535901
t,1880,219209786
t,1881,221431008
t,1882,230497004
t,1883,259019592
t,1884,244310691
t,1885,237892456
t,1886,202934440
t,1887,222036590
t,1888,221269485
t,1889,212473163
t,1890,218472912
t,1891,235370009
t,1892,259229242
t,1893,252799480
t,1894,250049662
t,1895,273528632
t,1896,289212376
t,1897,283859075
t,1898,305708309
t,1899,339154472
t,1900,367955802
t,1901,353788938
t,1902,358948572
t,1903,347932015
t,1904,386691727
t,1905,372116807
t,1906,383309652
t,1907,387563733
t,1908,387581675
t,1909,351788562
t,1910,370266194
t,1911,368294848
t,1912,389965606
t,1913,371838156
t,1914,363516981
t,1915,331911897
t,1916,320683712
t,1917,321772773
t,1918,285797074
t,1919,312937439
t,1920,379689500
t,1921,332837612
t,1922,383828280
t,1923,312786663
t,1924,290723547
t,1925,300564036
t,1926,285344683
t,1927,328401526
t,1928,327682885
t,1929,311393150
t,1930,336739828
t,1931,319698253
t,1932,286344790
t,1933,246407523
t,1934,283711022
t,1935,310272823
t,1936,322376244
t,1937,329972230
t,1938,337751223
t,1939,334040078
t,1940,314649559
t,1941,288418559
t,1942,278267436
t,1943,238348062
t,1944,216424857
t,1945,246861223
t,1946,320499805
t,1947,369138352
t,1948,395039156
t,1949,433538393
t,1950,437366582
t,1951,424425996
t,1952,430334483
t,1953,418978071
t,1954,436281123
t,1955,460408515
t,1956,477702425
t,1957,513975457
t,1958,518397294
t,1959,542748688
t,1960,616782951
t,1961,671797523
t,1962,740256840
t,1963,771250461
t,1964,766996759
t,1965,863269244
t,1966,906801032
t,1967,951521192
t,1968,1034867065
t,1969,1022639228
t,1970,1059820783
t,1971,1044634153
t,1972,1070350210
t,1973,1035252411
t,1974,1025039281
t,1975,1035232241
t,1976,1065061332
t,1977,1080989906
t,1978,1091800419
t,1979,1125380311
t,1980,1143136641
t,1981,1141078154
t,1982,1189915701
t,1983,1219593791
t,1984,1299687672
t,1985,1335698694
t,1986,1416461478
t,1987,1456757293
t,1988,1517587151
t,1989,1601470957
t,1990,1728134986
t,1991,1684561935
t,1992,1855073106
t,1993,1824172394
t,1994,1949135718
t,1995,2012413662
t,1996,2128870768
t,1997,2185838433
t,1998,2288972488
t,1999,2439482222
t,2000,2736826722
t,2001,2775567650
t,2002,3067710757
t,2003,3360539076
t,2004,3623672669
t,2005,3532784288
t,2006,3762988652
t,2007,4007256223
t,2008,4942534331
w,1505,1843
w,1507,4360
w,1515,15830
w,1520,5118
w,1524,19955
w,1525,284
w,1527,652
w,1541,454
w,1563,26545
w,1564,5307
w,1568,14791
w,1572,17836
w,1574,4363
w,1575,16809
w,1579,21532
w,1581,72628
w,1582,16370
w,1584,12448
w,1587,30183
w,1588,4361
w,1589,3382
w,1590,63418
w,1592,10969
w,1593,4919
w,1594,1964
w,1595,3881
w,1597,1035
w,1598,9417
w,1600,16675
w,1602,276
w,1603,9034
w,1605,2654
w,1606,6639
w,1607,36772
w,1610,701
w,1611,6143
w,1612,4853
w,1614,989
w,1618,2462
w,1619,4568
w,1620,22596
w,1621,9628
w,1623,16727
w,1624,17927
w,1625,6152
w,1626,4950
w,1628,624
w,1629,24969
w,1630,17398
w,1631,26496
w,1632,4995
w,1634,16079
w,1635,24143
w,1636,3678
w,1637,70825
w,1638,20947
w,1640,6302
w,1641,4920
w,1642,13193
w,1643,16069
w,1644,95875
w,1645,23547
w,1646,6734
w,1647,33934
w,1648,54534
w,1649,29714
w,1650,19198
w,1651,48890
w,1652,18616
w,1653,39603
w,1654,3728
w,1655,28508
w,1656,76997
w,1657,30326
w,1658,74331
w,1659,49116
w,1660,11896
w,1661,13918
w,1662,22350
w,1663,20413
w,1664,34843
w,1665,28455
w,1666,9527
w,1667,80353
w,1668,109079
w,1669,37671
w,1670,76349
w,1671,15409
w,1672,37101
w,1673,93390
w,1674,13851
w,1675,185869
w,1676,194199
w,1677,77741
w,1678,202713
w,1679,104088
w,1680,101407
w,1681,261584
w,1682,350497
w,1683,408538
w,1684,169861
w,1685,248652
w,1686,139921
w,1687,118503
w,1688,277192
w,1689,93588
w,1690,90631
w,1691,35517
w,1692,153170
w,1693,113694
w,1694,203623
w,1695,136390
w,1696,91585
w,1697,98380
w,1698,341216
w,1699,294611
w,1700,366283
w,1701,397933
w,1702,510777
w,1703,432597
w,1704,510934
w,1705,491485
w,1706,690668
w,1707,553457
w,1708,660798
w,1709,342571
w,1710,674424
w,1711,681625
w,1712,402971
w,1713,475332
w,1714,796704
w,1715,620769
w,1716,499383
w,1717,715842
w,1718,509929
w,1719,543276
w,1720,975362
w,1721,697083
w,1722,1074552
w,1723,811630
w,1724,907823
w,1725,1009361
w,1726,975310
w,1727,1354389
w,1728,1112156
w,1729,1300789
w,1730,1246698
w,1731,1286926
w,1732,988205
w,1733,587002
w,1734,1027377
w,1735,887268
w,1736,811545
w,1737,1230818
w,1738,1400551
w,1739,1182417
w,1740,1122684
w,1741,826410
w,1742,1161321
w,1743,1003696
w,1744,1423088
w,1745,919450
w,1746,710266
w,1747,1626545
w,1748,1533280
w,1749,1281154
w,1750,1925690
w,1751,2007433
w,1752,1435563
w,1753,2010520
w,1754,2110740
w,1755,2114340
w,1756,891700
w,1757,1362561
w,1758,1789893
w,1759,2154738
w,1760,1511762
w,1761,1848954
w,1762,1106273
w,1763,2057328
w,1764,1899874
w,1765,1574703
w,1766,2656715
w,1767,2077850
w,1768,2819342
w,1769,1792365
w,1770,2180998
w,1771,2040005
w,1772,2051049
w,1773,1842913
w,1774,1969042
w,1775,2537124
w,1776,2608558
w,1777,2286218
w,1778,2033754
w,1779,1870621
w,1780,1995056
w,1781,2160786
w,1782,2134136
w,1783,2070189
w,1784,2745938
w,1785,2677506
w,1786,2754054
w,1787,4131764
w,1788,4232484
w,1789,3806872
w,1790,4202529
w,1791,4469534
w,1792,4775698
w,1793,4153276
w,1794,4825685
w,1795,4609779
w,1796,5615982
w,1797,4678451
w,1798,4691575
w,1799,5113655
w,1800,7171834
w,1801,10906750
w,1802,9456965
w,1803,10610821
w,1804,11526843
w,1805,11515629
w,1806,12135604
w,1807,12889351
w,1808,13623709
w,1809,13930907
w,1810,15419998
w,1811,17953928
w,1812,17577515
w,1813,14647352
w,1814,17256116
w,1815,16255521
w,1816,16589408
w,1817,18590182
w,1818,20359914
w,1819,17261834
w,1820,23835540
w,1821,18414788
w,1822,27484431
w,1823,26268651
w,1824,31891469
w,1825,32994533
w,1826,24869305
w,1827,26062949
w,1828,28290170
w,1829,29989112
w,1830,35204294
w,1831,32121259
w,1832,32310330
w,1833,32537412
w,1834,31114382
w,1835,36946343
w,1836,37915657
w,1837,34378939
w,1838,36846961
w,1839,42171158
w,1840,43137608
w,1841,39849067
w,1842,36003202
w,1843,41263023
w,1844,43597658
w,1845,47097426
w,1846,47244333
w,1847,45996565
w,1848,47748921
w,1849,48802626
w,1850,52094323
w,1851,54847160
w,1852,57767836
w,1853,64791468
w,1854,70308135
w,1855,61990178
w,1856,67852708
w,1857,58500522
w,1858,55637060
w,1859,60257525
w,1860,63132399
w,1861,47634877
w,1862,40530494
w,1863,42646051
w,1864,50615892
w,1865,51922141
w,1866,56367625
w,1867,52805240
w,1868,55903081
w,1869,57208447
w,1870,56089427
w,1871,58340804
w,1872,57455541
w,1873,59488946
w,1874,65198219
w,1875,65943991
w,1876,68635117
w,1877,67926517
w,1878,63822821
w,1879,66252594
w,1880,80247602
w,1881,80221581
w,1882,84823173
w,1883,95310032
w,1884,88557232
w,1885,86507820
w,1886,73155684
w,1887,82104266
w,1888,81384797
w,1889,76686624
w,1890,79867555
w,1891,86181203
w,1892,94634194
w,1893,92384588
w,1894,90771410
w,1895,98120079
w,1896,105673649
w,1897,104021855
w,1898,111629849
w,1899,126663946
w,1900,136820693
w,1901,129616263
w,1902,131326089
w,1903,126961343
w,1904,140905727
w,1905,132578980
w,1906,138025677
w,1907,137170377
w,1908,138271875
w,1909,124709183
w,1910,132019793
w,1911,131180388
w,1912,138132584
w,1913,131244407
w,1914,126508206
w,1915,115388471
w,1916,112264873
w,1917,113770829
w,1918,101018945
w,1919,112178845
w,1920,134250100
w,1921,117020355
w,1922,135675457
w,1923,112258468
w,1924,103886355
w,1925,107777554
w,1926,101475191
w,1927,117411248
w,1928,116290049
w,1929,112016813
w,1930,120226521
w,1931,114624069
w,1932,101472951
w,1933,87433515
w,1934,101308851
w,1935,110477722
w,1936,114146559
w,1937,117138902
w,1938,118077964
w,1939,116435372
w,1940,108830945
w,1941,100307291
w,1942,96681010
w,1943,84737612
w,1944,77858581
w,1945,87781268
w,1946,114557182
w,1947,130509544
w,1948,136896890
w,1949,149796711
w,1950,149862772
w,1951,146106440
w,1952,148506381
w,1953,144257418
w,1954,151615227
w,1955,159064859
w,1956,164353399
w,1957,176296536
w,1958,175272822
w,1959,182675566
w,1960,207060144
w,1961,226391200
w,1962,247490220
w,1963,257882881
w,1964,254405771
w,1965,286855230
w,1966,300931734
w,1967,318686472
w,1968,347923053
w,1969,343721549
w,1970,356405109
w,1971,347911896
w,1972,357319357
w,1973,344565174
w,1974,339588679
w,1975,341606152
w,1976,354372035
w,1977,359784686
w,1978,363701681
w,1979,373367159
w,1980,381605706
w,1981,381501287
w,1982,397350797
w,1983,407042015
w,1984,433818951
w,1985,446026602
w,1986,472866223
w,1987,488707731
w,1988,508632943
w,1989,537678065
w,1990,579239189
w,1991,569832365
w,1992,621105402
w,1993,617460065
w,1994,659863934
w,1995,681350979
w,1996,722832891
w,1997,739507279
w,1998,777489670
w,1999,827594779
w,2000,939294357
w,2001,950556990
w,2002,1052342762
w,2003,1162529495
w,2004,1271614711
w,2005,1236886280
w,2006,1319374523
w,2007,1427565263
w,2008,1827828106
